file,line,type,commit,author,date,time,timezone,datetime,depth,length
style.css,1,css,cfe30016,romyramrakhyani,2026-04-13,19:00:50,-06:00,2026-04-13T19:00:50-06:00,0,31
style.css,2,css,8751f71a,romyramrakhyani,2026-04-13,18:49:48,-06:00,2026-04-13T18:49:48-06:00,0,4
style.css,3,css,8751f71a,romyramrakhyani,2026-04-13,18:49:48,-06:00,2026-04-13T18:49:48-06:00,1,23
style.css,4,css,8751f71a,romyramrakhyani,2026-04-13,18:49:48,-06:00,2026-04-13T18:49:48-06:00,0,0
style.css,5,css,8751f71a,romyramrakhyani,2026-04-13,18:49:48,-06:00,2026-04-13T18:49:48-06:00,0,0
style.css,6,css,d421b21b,romyramrakhyani,2026-04-06,15:38:35,-06:00,2026-04-06T15:38:35-06:00,0,5
style.css,7,css,3d3a07de,romyramrakhyani,2026-04-06,15:46:44,-06:00,2026-04-06T15:46:44-06:00,1,22
style.css,8,css,cfe30016,romyramrakhyani,2026-04-13,19:00:50,-06:00,2026-04-13T19:00:50-06:00,1,70
style.css,9,css,d421b21b,romyramrakhyani,2026-04-06,15:38:35,-06:00,2026-04-06T15:38:35-06:00,1,27
style.css,10,css,cfe30016,romyramrakhyani,2026-04-13,19:00:50,-06:00,2026-04-13T19:00:50-06:00,1,39
style.css,11,css,d421b21b,romyramrakhyani,2026-04-06,15:38:35,-06:00,2026-04-06T15:38:35-06:00,0,0
style.css,12,css,d421b21b,romyramrakhyani,2026-04-06,15:38:35,-06:00,2026-04-06T15:38:35-06:00,0,0
style.css,13,css,a3502ec4,romyramrakhyani,2026-04-23,23:37:03,-06:00,2026-04-23T23:37:03-06:00,0,33
style.css,14,css,488a1470,romyramrakhyani,2026-04-01,19:50:29,-06:00,2026-04-01T19:50:29-06:00,0,4
style.css,15,css,ed49fe29,romyramrakhyani,2026-04-06,15:23:26,-06:00,2026-04-06T15:23:26-06:00,1,35
style.css,16,css,8d929974,romyramrakhyani,2026-04-06,15:00:04,-06:00,2026-04-06T15:00:04-06:00,1,15
style.css,17,css,ed49fe29,romyramrakhyani,2026-04-06,15:23:26,-06:00,2026-04-06T15:23:26-06:00,1,43
style.css,18,css,8d929974,romyramrakhyani,2026-04-06,15:00:04,-06:00,2026-04-06T15:00:04-06:00,1,12
style.css,19,css,cfe30016,romyramrakhyani,2026-04-13,19:00:50,-06:00,2026-04-13T19:00:50-06:00,1,16
style.css,20,css,cfe30016,romyramrakhyani,2026-04-13,19:00:50,-06:00,2026-04-13T19:00:50-06:00,1,23
style.css,21,css,7bbc974a,romyramrakhyani,2026-04-06,15:18:34,-06:00,2026-04-06T15:18:34-06:00,0,0
style.css,22,css,7bbc974a,romyramrakhyani,2026-04-06,15:18:34,-06:00,2026-04-06T15:18:34-06:00,0,0
style.css,23,css,d421b21b,romyramrakhyani,2026-04-06,15:38:35,-06:00,2026-04-06T15:38:35-06:00,0,22
style.css,24,css,d421b21b,romyramrakhyani,2026-04-06,15:38:35,-06:00,2026-04-06T15:38:35-06:00,1,15
style.css,25,css,d421b21b,romyramrakhyani,2026-04-06,15:38:35,-06:00,2026-04-06T15:38:35-06:00,1,17
style.css,26,css,d421b21b,romyramrakhyani,2026-04-06,15:38:35,-06:00,2026-04-06T15:38:35-06:00,1,20
style.css,27,css,3d3a07de,romyramrakhyani,2026-04-06,15:46:44,-06:00,2026-04-06T15:46:44-06:00,1,12
style.css,28,css,a3502ec4,romyramrakhyani,2026-04-23,23:37:03,-06:00,2026-04-23T23:37:03-06:00,1,13
style.css,29,css,7bbc974a,romyramrakhyani,2026-04-06,15:18:34,-06:00,2026-04-06T15:18:34-06:00,0,0
style.css,30,css,7bbc974a,romyramrakhyani,2026-04-06,15:18:34,-06:00,2026-04-06T15:18:34-06:00,0,0
style.css,31,css,3d3a07de,romyramrakhyani,2026-04-06,15:46:44,-06:00,2026-04-06T15:46:44-06:00,0,21
style.css,32,css,bf4209e5,romyramrakhyani,2026-04-06,15:43:58,-06:00,2026-04-06T15:43:58-06:00,0,0
style.css,33,css,f41e791c,romyramrakhyani,2026-04-24,10:34:41,-06:00,2026-04-24T10:34:41-06:00,0,43
style.css,34,css,7bbc974a,romyramrakhyani,2026-04-06,15:18:34,-06:00,2026-04-06T15:18:34-06:00,0,3
style.css,35,css,7bbc974a,romyramrakhyani,2026-04-06,15:18:34,-06:00,2026-04-06T15:18:34-06:00,1,12
style.css,36,css,7bbc974a,romyramrakhyani,2026-04-06,15:18:34,-06:00,2026-04-06T15:18:34-06:00,1,18
style.css,37,css,cfe30016,romyramrakhyani,2026-04-13,19:00:50,-06:00,2026-04-13T19:00:50-06:00,1,43
style.css,38,css,f41e791c,romyramrakhyani,2026-04-24,10:34:41,-06:00,2026-04-24T10:34:41-06:00,1,36
style.css,39,css,f41e791c,romyramrakhyani,2026-04-24,10:34:41,-06:00,2026-04-24T10:34:41-06:00,1,17
style.css,40,css,f41e791c,romyramrakhyani,2026-04-24,10:34:41,-06:00,2026-04-24T10:34:41-06:00,1,17
style.css,41,css,7bbc974a,romyramrakhyani,2026-04-06,15:18:34,-06:00,2026-04-06T15:18:34-06:00,0,0
style.css,42,css,7bbc974a,romyramrakhyani,2026-04-06,15:18:34,-06:00,2026-04-06T15:18:34-06:00,0,0
style.css,43,css,f41e791c,romyramrakhyani,2026-04-24,10:34:41,-06:00,2026-04-24T10:34:41-06:00,0,6
style.css,44,css,f41e791c,romyramrakhyani,2026-04-24,10:34:41,-06:00,2026-04-24T10:34:41-06:00,1,12
style.css,45,css,f41e791c,romyramrakhyani,2026-04-24,10:34:41,-06:00,2026-04-24T10:34:41-06:00,1,15
style.css,46,css,f41e791c,romyramrakhyani,2026-04-24,10:34:41,-06:00,2026-04-24T10:34:41-06:00,1,9
style.css,47,css,f41e791c,romyramrakhyani,2026-04-24,10:34:41,-06:00,2026-04-24T10:34:41-06:00,1,8
style.css,48,css,f41e791c,romyramrakhyani,2026-04-24,10:34:41,-06:00,2026-04-24T10:34:41-06:00,1,10
style.css,49,css,f41e791c,romyramrakhyani,2026-04-24,10:34:41,-06:00,2026-04-24T10:34:41-06:00,0,0
style.css,50,css,f41e791c,romyramrakhyani,2026-04-24,10:34:41,-06:00,2026-04-24T10:34:41-06:00,0,0
style.css,51,css,f41e791c,romyramrakhyani,2026-04-24,10:34:41,-06:00,2026-04-24T10:34:41-06:00,0,6
style.css,52,css,f41e791c,romyramrakhyani,2026-04-24,10:34:41,-06:00,2026-04-24T10:34:41-06:00,1,6
style.css,53,css,f41e791c,romyramrakhyani,2026-04-24,10:34:41,-06:00,2026-04-24T10:34:41-06:00,1,12
style.css,54,css,f41e791c,romyramrakhyani,2026-04-24,10:34:41,-06:00,2026-04-24T10:34:41-06:00,0,0
style.css,55,css,7bbc974a,romyramrakhyani,2026-04-06,15:18:34,-06:00,2026-04-06T15:18:34-06:00,0,0
style.css,56,css,7bbc974a,romyramrakhyani,2026-04-06,15:18:34,-06:00,2026-04-06T15:18:34-06:00,0,5
style.css,57,css,f41e791c,romyramrakhyani,2026-04-24,10:34:41,-06:00,2026-04-24T10:34:41-06:00,1,6
style.css,58,css,7bbc974a,romyramrakhyani,2026-04-06,15:18:34,-06:00,2026-04-06T15:18:34-06:00,1,20
style.css,59,css,f41e791c,romyramrakhyani,2026-04-24,10:34:41,-06:00,2026-04-24T10:34:41-06:00,1,16
style.css,60,css,7bbc974a,romyramrakhyani,2026-04-06,15:18:34,-06:00,2026-04-06T15:18:34-06:00,1,17
style.css,61,css,f41e791c,romyramrakhyani,2026-04-24,10:34:41,-06:00,2026-04-24T10:34:41-06:00,1,11
style.css,62,css,ed49fe29,romyramrakhyani,2026-04-06,15:23:26,-06:00,2026-04-06T15:23:26-06:00,1,16
style.css,63,css,ed49fe29,romyramrakhyani,2026-04-06,15:23:26,-06:00,2026-04-06T15:23:26-06:00,1,37
style.css,64,css,ed49fe29,romyramrakhyani,2026-04-06,15:23:26,-06:00,2026-04-06T15:23:26-06:00,1,31
style.css,65,css,7bbc974a,romyramrakhyani,2026-04-06,15:18:34,-06:00,2026-04-06T15:18:34-06:00,0,0
style.css,66,css,7bbc974a,romyramrakhyani,2026-04-06,15:18:34,-06:00,2026-04-06T15:18:34-06:00,0,0
style.css,67,css,f41e791c,romyramrakhyani,2026-04-24,10:34:41,-06:00,2026-04-24T10:34:41-06:00,0,13
style.css,68,css,f41e791c,romyramrakhyani,2026-04-24,10:34:41,-06:00,2026-04-24T10:34:41-06:00,1,44
style.css,69,css,f41e791c,romyramrakhyani,2026-04-24,10:34:41,-06:00,2026-04-24T10:34:41-06:00,0,0
style.css,70,css,7bbc974a,romyramrakhyani,2026-04-06,15:18:34,-06:00,2026-04-06T15:18:34-06:00,0,0
style.css,71,css,7bbc974a,romyramrakhyani,2026-04-06,15:18:34,-06:00,2026-04-06T15:18:34-06:00,0,11
style.css,72,css,f41e791c,romyramrakhyani,2026-04-24,10:34:41,-06:00,2026-04-24T10:34:41-06:00,1,39
style.css,73,css,ed49fe29,romyramrakhyani,2026-04-06,15:23:26,-06:00,2026-04-06T15:23:26-06:00,1,39
style.css,74,css,ed49fe29,romyramrakhyani,2026-04-06,15:23:26,-06:00,2026-04-06T15:23:26-06:00,1,25
style.css,75,css,7bbc974a,romyramrakhyani,2026-04-06,15:18:34,-06:00,2026-04-06T15:18:34-06:00,0,0
style.css,76,css,7bbc974a,romyramrakhyani,2026-04-06,15:18:34,-06:00,2026-04-06T15:18:34-06:00,0,0
style.css,77,css,f41e791c,romyramrakhyani,2026-04-24,10:34:41,-06:00,2026-04-24T10:34:41-06:00,0,43
style.css,78,css,f41e791c,romyramrakhyani,2026-04-24,10:34:41,-06:00,2026-04-24T10:34:41-06:00,0,13
style.css,79,css,f41e791c,romyramrakhyani,2026-04-24,10:34:41,-06:00,2026-04-24T10:34:41-06:00,1,64
style.css,80,css,f41e791c,romyramrakhyani,2026-04-24,10:34:41,-06:00,2026-04-24T10:34:41-06:00,1,8
style.css,81,css,f41e791c,romyramrakhyani,2026-04-24,10:34:41,-06:00,2026-04-24T10:34:41-06:00,1,10
style.css,82,css,f41e791c,romyramrakhyani,2026-04-24,10:34:41,-06:00,2026-04-24T10:34:41-06:00,1,16
style.css,83,css,f41e791c,romyramrakhyani,2026-04-24,10:34:41,-06:00,2026-04-24T10:34:41-06:00,1,53
style.css,84,css,f41e791c,romyramrakhyani,2026-04-24,10:34:41,-06:00,2026-04-24T10:34:41-06:00,1,17
style.css,85,css,f41e791c,romyramrakhyani,2026-04-24,10:34:41,-06:00,2026-04-24T10:34:41-06:00,1,11
style.css,86,css,f41e791c,romyramrakhyani,2026-04-24,10:34:41,-06:00,2026-04-24T10:34:41-06:00,1,17
style.css,87,css,f41e791c,romyramrakhyani,2026-04-24,10:34:41,-06:00,2026-04-24T10:34:41-06:00,0,0
style.css,88,css,f41e791c,romyramrakhyani,2026-04-24,10:34:41,-06:00,2026-04-24T10:34:41-06:00,0,0
style.css,89,css,f41e791c,romyramrakhyani,2026-04-24,10:34:41,-06:00,2026-04-24T10:34:41-06:00,0,20
style.css,90,css,f41e791c,romyramrakhyani,2026-04-24,10:34:41,-06:00,2026-04-24T10:34:41-06:00,1,19
style.css,91,css,f41e791c,romyramrakhyani,2026-04-24,10:34:41,-06:00,2026-04-24T10:34:41-06:00,1,17
style.css,92,css,f41e791c,romyramrakhyani,2026-04-24,10:34:41,-06:00,2026-04-24T10:34:41-06:00,1,16
style.css,93,css,f41e791c,romyramrakhyani,2026-04-24,10:34:41,-06:00,2026-04-24T10:34:41-06:00,1,36
style.css,94,css,f41e791c,romyramrakhyani,2026-04-24,10:34:41,-06:00,2026-04-24T10:34:41-06:00,0,0
style.css,95,css,f41e791c,romyramrakhyani,2026-04-24,10:34:41,-06:00,2026-04-24T10:34:41-06:00,0,0
style.css,96,css,bf4209e5,romyramrakhyani,2026-04-06,15:43:58,-06:00,2026-04-06T15:43:58-06:00,0,32
style.css,97,css,7bbc974a,romyramrakhyani,2026-04-06,15:18:34,-06:00,2026-04-06T15:18:34-06:00,0,4
style.css,98,css,7bbc974a,romyramrakhyani,2026-04-06,15:18:34,-06:00,2026-04-06T15:18:34-06:00,1,12
style.css,99,css,7bbc974a,romyramrakhyani,2026-04-06,15:18:34,-06:00,2026-04-06T15:18:34-06:00,1,30
style.css,100,css,7bbc974a,romyramrakhyani,2026-04-06,15:18:34,-06:00,2026-04-06T15:18:34-06:00,1,7
style.css,101,css,d421b21b,romyramrakhyani,2026-04-06,15:38:35,-06:00,2026-04-06T15:38:35-06:00,1,15
style.css,102,css,7bbc974a,romyramrakhyani,2026-04-06,15:18:34,-06:00,2026-04-06T15:18:34-06:00,0,0
style.css,103,css,7bbc974a,romyramrakhyani,2026-04-06,15:18:34,-06:00,2026-04-06T15:18:34-06:00,0,0
style.css,104,css,3d3a07de,romyramrakhyani,2026-04-06,15:46:44,-06:00,2026-04-06T15:46:44-06:00,0,31
style.css,105,css,7bbc974a,romyramrakhyani,2026-04-06,15:18:34,-06:00,2026-04-06T15:18:34-06:00,0,0
style.css,106,css,cfe30016,romyramrakhyani,2026-04-13,19:00:50,-06:00,2026-04-13T19:00:50-06:00,0,51
style.css,107,css,bf4209e5,romyramrakhyani,2026-04-06,15:43:58,-06:00,2026-04-06T15:43:58-06:00,1,12
style.css,108,css,7bbc974a,romyramrakhyani,2026-04-06,15:18:34,-06:00,2026-04-06T15:18:34-06:00,1,13
style.css,109,css,ed49fe29,romyramrakhyani,2026-04-06,15:23:26,-06:00,2026-04-06T15:23:26-06:00,1,21
style.css,110,css,ed49fe29,romyramrakhyani,2026-04-06,15:23:26,-06:00,2026-04-06T15:23:26-06:00,1,17
style.css,111,css,cfe30016,romyramrakhyani,2026-04-13,19:00:50,-06:00,2026-04-13T19:00:50-06:00,1,17
style.css,112,css,cfe30016,romyramrakhyani,2026-04-13,19:00:50,-06:00,2026-04-13T19:00:50-06:00,1,16
style.css,113,css,7bbc974a,romyramrakhyani,2026-04-06,15:18:34,-06:00,2026-04-06T15:18:34-06:00,0,0
style.css,114,css,7bbc974a,romyramrakhyani,2026-04-06,15:18:34,-06:00,2026-04-06T15:18:34-06:00,0,0
style.css,115,css,7bbc974a,romyramrakhyani,2026-04-06,15:18:34,-06:00,2026-04-06T15:18:34-06:00,0,11
style.css,116,css,d421b21b,romyramrakhyani,2026-04-06,15:38:35,-06:00,2026-04-06T15:38:35-06:00,1,18
style.css,117,css,7bbc974a,romyramrakhyani,2026-04-06,15:18:34,-06:00,2026-04-06T15:18:34-06:00,1,36
style.css,118,css,a3502ec4,romyramrakhyani,2026-04-23,23:37:03,-06:00,2026-04-23T23:37:03-06:00,1,11
style.css,119,css,7bbc974a,romyramrakhyani,2026-04-06,15:18:34,-06:00,2026-04-06T15:18:34-06:00,1,11
style.css,120,css,7bbc974a,romyramrakhyani,2026-04-06,15:18:34,-06:00,2026-04-06T15:18:34-06:00,1,14
style.css,121,css,ed49fe29,romyramrakhyani,2026-04-06,15:23:26,-06:00,2026-04-06T15:23:26-06:00,1,13
style.css,122,css,bf4209e5,romyramrakhyani,2026-04-06,15:43:58,-06:00,2026-04-06T15:43:58-06:00,1,16
style.css,123,css,ed49fe29,romyramrakhyani,2026-04-06,15:23:26,-06:00,2026-04-06T15:23:26-06:00,0,0
style.css,124,css,ed49fe29,romyramrakhyani,2026-04-06,15:23:26,-06:00,2026-04-06T15:23:26-06:00,0,0
style.css,125,css,a3502ec4,romyramrakhyani,2026-04-23,23:37:03,-06:00,2026-04-23T23:37:03-06:00,0,49
style.css,126,css,7bbc974a,romyramrakhyani,2026-04-06,15:18:34,-06:00,2026-04-06T15:18:34-06:00,0,9
style.css,127,css,7bbc974a,romyramrakhyani,2026-04-06,15:18:34,-06:00,2026-04-06T15:18:34-06:00,1,12
style.css,128,css,a3502ec4,romyramrakhyani,2026-04-23,23:37:03,-06:00,2026-04-23T23:37:03-06:00,1,59
style.css,129,css,a3502ec4,romyramrakhyani,2026-04-23,23:37:03,-06:00,2026-04-23T23:37:03-06:00,1,7
style.css,130,css,a3502ec4,romyramrakhyani,2026-04-23,23:37:03,-06:00,2026-04-23T23:37:03-06:00,1,18
style.css,131,css,7bbc974a,romyramrakhyani,2026-04-06,15:18:34,-06:00,2026-04-06T15:18:34-06:00,0,0
style.css,132,css,7bbc974a,romyramrakhyani,2026-04-06,15:18:34,-06:00,2026-04-06T15:18:34-06:00,0,0
style.css,133,css,7bbc974a,romyramrakhyani,2026-04-06,15:18:34,-06:00,2026-04-06T15:18:34-06:00,0,17
style.css,134,css,a3502ec4,romyramrakhyani,2026-04-23,23:37:03,-06:00,2026-04-23T23:37:03-06:00,1,12
style.css,135,css,a3502ec4,romyramrakhyani,2026-04-23,23:37:03,-06:00,2026-04-23T23:37:03-06:00,1,71
style.css,136,css,a3502ec4,romyramrakhyani,2026-04-23,23:37:03,-06:00,2026-04-23T23:37:03-06:00,1,8
style.css,137,css,a3502ec4,romyramrakhyani,2026-04-23,23:37:03,-06:00,2026-04-23T23:37:03-06:00,1,14
style.css,138,css,a3502ec4,romyramrakhyani,2026-04-23,23:37:03,-06:00,2026-04-23T23:37:03-06:00,1,36
style.css,139,css,a3502ec4,romyramrakhyani,2026-04-23,23:37:03,-06:00,2026-04-23T23:37:03-06:00,1,18
style.css,140,css,a3502ec4,romyramrakhyani,2026-04-23,23:37:03,-06:00,2026-04-23T23:37:03-06:00,1,17
style.css,141,css,a3502ec4,romyramrakhyani,2026-04-23,23:37:03,-06:00,2026-04-23T23:37:03-06:00,0,0
style.css,142,css,a3502ec4,romyramrakhyani,2026-04-23,23:37:03,-06:00,2026-04-23T23:37:03-06:00,0,0
style.css,143,css,a3502ec4,romyramrakhyani,2026-04-23,23:37:03,-06:00,2026-04-23T23:37:03-06:00,0,20
style.css,144,css,a3502ec4,romyramrakhyani,2026-04-23,23:37:03,-06:00,2026-04-23T23:37:03-06:00,1,8
style.css,145,css,a3502ec4,romyramrakhyani,2026-04-23,23:37:03,-06:00,2026-04-23T23:37:03-06:00,1,16
style.css,146,css,a3502ec4,romyramrakhyani,2026-04-23,23:37:03,-06:00,2026-04-23T23:37:03-06:00,1,25
style.css,147,css,a3502ec4,romyramrakhyani,2026-04-23,23:37:03,-06:00,2026-04-23T23:37:03-06:00,0,0
style.css,148,css,a3502ec4,romyramrakhyani,2026-04-23,23:37:03,-06:00,2026-04-23T23:37:03-06:00,0,0
style.css,149,css,a3502ec4,romyramrakhyani,2026-04-23,23:37:03,-06:00,2026-04-23T23:37:03-06:00,0,21
style.css,150,css,a3502ec4,romyramrakhyani,2026-04-23,23:37:03,-06:00,2026-04-23T23:37:03-06:00,1,10
style.css,151,css,a3502ec4,romyramrakhyani,2026-04-23,23:37:03,-06:00,2026-04-23T23:37:03-06:00,1,12
style.css,152,css,a3502ec4,romyramrakhyani,2026-04-23,23:37:03,-06:00,2026-04-23T23:37:03-06:00,1,16
style.css,153,css,a3502ec4,romyramrakhyani,2026-04-23,23:37:03,-06:00,2026-04-23T23:37:03-06:00,1,17
style.css,154,css,a3502ec4,romyramrakhyani,2026-04-23,23:37:03,-06:00,2026-04-23T23:37:03-06:00,0,0
style.css,155,css,a3502ec4,romyramrakhyani,2026-04-23,23:37:03,-06:00,2026-04-23T23:37:03-06:00,0,0
style.css,156,css,a3502ec4,romyramrakhyani,2026-04-23,23:37:03,-06:00,2026-04-23T23:37:03-06:00,0,36
style.css,157,css,a3502ec4,romyramrakhyani,2026-04-23,23:37:03,-06:00,2026-04-23T23:37:03-06:00,0,13
style.css,158,css,a3502ec4,romyramrakhyani,2026-04-23,23:37:03,-06:00,2026-04-23T23:37:03-06:00,1,12
style.css,159,css,a3502ec4,romyramrakhyani,2026-04-23,23:37:03,-06:00,2026-04-23T23:37:03-06:00,1,21
style.css,160,css,a3502ec4,romyramrakhyani,2026-04-23,23:37:03,-06:00,2026-04-23T23:37:03-06:00,1,10
style.css,161,css,a3502ec4,romyramrakhyani,2026-04-23,23:37:03,-06:00,2026-04-23T23:37:03-06:00,1,37
style.css,162,css,a3502ec4,romyramrakhyani,2026-04-23,23:37:03,-06:00,2026-04-23T23:37:03-06:00,0,0
style.css,163,css,a3502ec4,romyramrakhyani,2026-04-23,23:37:03,-06:00,2026-04-23T23:37:03-06:00,0,0
style.css,164,css,a3502ec4,romyramrakhyani,2026-04-23,23:37:03,-06:00,2026-04-23T23:37:03-06:00,0,15
style.css,165,css,a3502ec4,romyramrakhyani,2026-04-23,23:37:03,-06:00,2026-04-23T23:37:03-06:00,1,8
style.css,166,css,a3502ec4,romyramrakhyani,2026-04-23,23:37:03,-06:00,2026-04-23T23:37:03-06:00,1,15
style.css,167,css,a3502ec4,romyramrakhyani,2026-04-23,23:37:03,-06:00,2026-04-23T23:37:03-06:00,0,0
style.css,168,css,a3502ec4,romyramrakhyani,2026-04-23,23:37:03,-06:00,2026-04-23T23:37:03-06:00,0,0
style.css,169,css,a3502ec4,romyramrakhyani,2026-04-23,23:37:03,-06:00,2026-04-23T23:37:03-06:00,0,13
style.css,170,css,a3502ec4,romyramrakhyani,2026-04-23,23:37:03,-06:00,2026-04-23T23:37:03-06:00,1,16
style.css,171,css,a3502ec4,romyramrakhyani,2026-04-23,23:37:03,-06:00,2026-04-23T23:37:03-06:00,1,17
style.css,172,css,a3502ec4,romyramrakhyani,2026-04-23,23:37:03,-06:00,2026-04-23T23:37:03-06:00,1,54
style.css,173,css,a3502ec4,romyramrakhyani,2026-04-23,23:37:03,-06:00,2026-04-23T23:37:03-06:00,1,17
style.css,174,css,a3502ec4,romyramrakhyani,2026-04-23,23:37:03,-06:00,2026-04-23T23:37:03-06:00,1,60
style.css,175,css,a3502ec4,romyramrakhyani,2026-04-23,23:37:03,-06:00,2026-04-23T23:37:03-06:00,0,0
style.css,176,css,a3502ec4,romyramrakhyani,2026-04-23,23:37:03,-06:00,2026-04-23T23:37:03-06:00,0,0
style.css,177,css,a3502ec4,romyramrakhyani,2026-04-23,23:37:03,-06:00,2026-04-23T23:37:03-06:00,0,32
style.css,178,css,a3502ec4,romyramrakhyani,2026-04-23,23:37:03,-06:00,2026-04-23T23:37:03-06:00,0,11
style.css,179,css,7bbc974a,romyramrakhyani,2026-04-06,15:18:34,-06:00,2026-04-06T15:18:34-06:00,1,12
style.css,180,css,a3502ec4,romyramrakhyani,2026-04-23,23:37:03,-06:00,2026-04-23T23:37:03-06:00,1,36
style.css,181,css,a3502ec4,romyramrakhyani,2026-04-23,23:37:03,-06:00,2026-04-23T23:37:03-06:00,1,8
style.css,182,css,a3502ec4,romyramrakhyani,2026-04-23,23:37:03,-06:00,2026-04-23T23:37:03-06:00,1,17
style.css,183,css,a3502ec4,romyramrakhyani,2026-04-23,23:37:03,-06:00,2026-04-23T23:37:03-06:00,1,33
style.css,184,css,a3502ec4,romyramrakhyani,2026-04-23,23:37:03,-06:00,2026-04-23T23:37:03-06:00,1,14
style.css,185,css,a3502ec4,romyramrakhyani,2026-04-23,23:37:03,-06:00,2026-04-23T23:37:03-06:00,1,18
style.css,186,css,a3502ec4,romyramrakhyani,2026-04-23,23:37:03,-06:00,2026-04-23T23:37:03-06:00,1,36
style.css,187,css,a3502ec4,romyramrakhyani,2026-04-23,23:37:03,-06:00,2026-04-23T23:37:03-06:00,1,13
style.css,188,css,a3502ec4,romyramrakhyani,2026-04-23,23:37:03,-06:00,2026-04-23T23:37:03-06:00,0,0
style.css,189,css,a3502ec4,romyramrakhyani,2026-04-23,23:37:03,-06:00,2026-04-23T23:37:03-06:00,0,0
style.css,190,css,a3502ec4,romyramrakhyani,2026-04-23,23:37:03,-06:00,2026-04-23T23:37:03-06:00,0,14
style.css,191,css,a3502ec4,romyramrakhyani,2026-04-23,23:37:03,-06:00,2026-04-23T23:37:03-06:00,1,10
style.css,192,css,a3502ec4,romyramrakhyani,2026-04-23,23:37:03,-06:00,2026-04-23T23:37:03-06:00,1,16
style.css,193,css,a3502ec4,romyramrakhyani,2026-04-23,23:37:03,-06:00,2026-04-23T23:37:03-06:00,1,17
style.css,194,css,a3502ec4,romyramrakhyani,2026-04-23,23:37:03,-06:00,2026-04-23T23:37:03-06:00,1,25
style.css,195,css,a3502ec4,romyramrakhyani,2026-04-23,23:37:03,-06:00,2026-04-23T23:37:03-06:00,1,24
style.css,196,css,ed49fe29,romyramrakhyani,2026-04-06,15:23:26,-06:00,2026-04-06T15:23:26-06:00,0,0
style.css,197,css,ed49fe29,romyramrakhyani,2026-04-06,15:23:26,-06:00,2026-04-06T15:23:26-06:00,0,0
style.css,198,css,a3502ec4,romyramrakhyani,2026-04-23,23:37:03,-06:00,2026-04-23T23:37:03-06:00,0,14
style.css,199,css,a3502ec4,romyramrakhyani,2026-04-23,23:37:03,-06:00,2026-04-23T23:37:03-06:00,1,10
style.css,200,css,a3502ec4,romyramrakhyani,2026-04-23,23:37:03,-06:00,2026-04-23T23:37:03-06:00,1,8
style.css,201,css,a3502ec4,romyramrakhyani,2026-04-23,23:37:03,-06:00,2026-04-23T23:37:03-06:00,1,14
style.css,202,css,a3502ec4,romyramrakhyani,2026-04-23,23:37:03,-06:00,2026-04-23T23:37:03-06:00,1,16
style.css,203,css,a3502ec4,romyramrakhyani,2026-04-23,23:37:03,-06:00,2026-04-23T23:37:03-06:00,0,0
style.css,204,css,7bbc974a,romyramrakhyani,2026-04-06,15:18:34,-06:00,2026-04-06T15:18:34-06:00,0,0
style.css,205,css,a3502ec4,romyramrakhyani,2026-04-23,23:37:03,-06:00,2026-04-23T23:37:03-06:00,0,29
style.css,206,css,d421b21b,romyramrakhyani,2026-04-06,15:38:35,-06:00,2026-04-06T15:38:35-06:00,0,10
style.css,207,css,d421b21b,romyramrakhyani,2026-04-06,15:38:35,-06:00,2026-04-06T15:38:35-06:00,1,43
style.css,208,css,d421b21b,romyramrakhyani,2026-04-06,15:38:35,-06:00,2026-04-06T15:38:35-06:00,1,25
style.css,209,css,bf4209e5,romyramrakhyani,2026-04-06,15:43:58,-06:00,2026-04-06T15:43:58-06:00,1,21
style.css,210,css,3d3a07de,romyramrakhyani,2026-04-06,15:46:44,-06:00,2026-04-06T15:46:44-06:00,1,15
style.css,211,css,cfe30016,romyramrakhyani,2026-04-13,19:00:50,-06:00,2026-04-13T19:00:50-06:00,1,24
style.css,212,css,3d3a07de,romyramrakhyani,2026-04-06,15:46:44,-06:00,2026-04-06T15:46:44-06:00,1,21
style.css,213,css,3d3a07de,romyramrakhyani,2026-04-06,15:46:44,-06:00,2026-04-06T15:46:44-06:00,0,0
style.css,214,css,3d3a07de,romyramrakhyani,2026-04-06,15:46:44,-06:00,2026-04-06T15:46:44-06:00,0,0
style.css,215,css,3d3a07de,romyramrakhyani,2026-04-06,15:46:44,-06:00,2026-04-06T15:46:44-06:00,0,39
style.css,216,css,3d3a07de,romyramrakhyani,2026-04-06,15:46:44,-06:00,2026-04-06T15:46:44-06:00,1,18
style.css,217,css,3d3a07de,romyramrakhyani,2026-04-06,15:46:44,-06:00,2026-04-06T15:46:44-06:00,1,17
style.css,218,css,a3502ec4,romyramrakhyani,2026-04-23,23:37:03,-06:00,2026-04-23T23:37:03-06:00,1,41
style.css,219,css,3d3a07de,romyramrakhyani,2026-04-06,15:46:44,-06:00,2026-04-06T15:46:44-06:00,0,0
style.css,220,css,3d3a07de,romyramrakhyani,2026-04-06,15:46:44,-06:00,2026-04-06T15:46:44-06:00,0,0
style.css,221,css,3d3a07de,romyramrakhyani,2026-04-06,15:46:44,-06:00,2026-04-06T15:46:44-06:00,0,4
style.css,222,css,3d3a07de,romyramrakhyani,2026-04-06,15:46:44,-06:00,2026-04-06T15:46:44-06:00,1,33
style.css,223,css,cfe30016,romyramrakhyani,2026-04-13,19:00:50,-06:00,2026-04-13T19:00:50-06:00,1,54
style.css,224,css,3d3a07de,romyramrakhyani,2026-04-06,15:46:44,-06:00,2026-04-06T15:46:44-06:00,1,17
style.css,225,css,bf4209e5,romyramrakhyani,2026-04-06,15:43:58,-06:00,2026-04-06T15:43:58-06:00,0,0
style.css,226,css,bf4209e5,romyramrakhyani,2026-04-06,15:43:58,-06:00,2026-04-06T15:43:58-06:00,0,0
style.css,227,css,3d3a07de,romyramrakhyani,2026-04-06,15:46:44,-06:00,2026-04-06T15:46:44-06:00,0,10
style.css,228,css,3d3a07de,romyramrakhyani,2026-04-06,15:46:44,-06:00,2026-04-06T15:46:44-06:00,1,12
style.css,229,css,3d3a07de,romyramrakhyani,2026-04-06,15:46:44,-06:00,2026-04-06T15:46:44-06:00,1,14
style.css,230,css,3d3a07de,romyramrakhyani,2026-04-06,15:46:44,-06:00,2026-04-06T15:46:44-06:00,1,10
style.css,231,css,3d3a07de,romyramrakhyani,2026-04-06,15:46:44,-06:00,2026-04-06T15:46:44-06:00,1,15
style.css,232,css,3d3a07de,romyramrakhyani,2026-04-06,15:46:44,-06:00,2026-04-06T15:46:44-06:00,1,9
style.css,233,css,3d3a07de,romyramrakhyani,2026-04-06,15:46:44,-06:00,2026-04-06T15:46:44-06:00,0,0
style.css,234,css,3d3a07de,romyramrakhyani,2026-04-06,15:46:44,-06:00,2026-04-06T15:46:44-06:00,0,0
style.css,235,css,3d3a07de,romyramrakhyani,2026-04-06,15:46:44,-06:00,2026-04-06T15:46:44-06:00,0,10
style.css,236,css,3d3a07de,romyramrakhyani,2026-04-06,15:46:44,-06:00,2026-04-06T15:46:44-06:00,1,33
style.css,237,css,3d3a07de,romyramrakhyani,2026-04-06,15:46:44,-06:00,2026-04-06T15:46:44-06:00,1,25
style.css,238,css,3d3a07de,romyramrakhyani,2026-04-06,15:46:44,-06:00,2026-04-06T15:46:44-06:00,1,21
style.css,239,css,cfe30016,romyramrakhyani,2026-04-13,19:00:50,-06:00,2026-04-13T19:00:50-06:00,1,18
style.css,240,css,3d3a07de,romyramrakhyani,2026-04-06,15:46:44,-06:00,2026-04-06T15:46:44-06:00,1,16
style.css,241,css,3d3a07de,romyramrakhyani,2026-04-06,15:46:44,-06:00,2026-04-06T15:46:44-06:00,1,16
style.css,242,css,8751f71a,romyramrakhyani,2026-04-13,18:49:48,-06:00,2026-04-13T18:49:48-06:00,0,0
style.css,243,css,8751f71a,romyramrakhyani,2026-04-13,18:49:48,-06:00,2026-04-13T18:49:48-06:00,0,0
style.css,244,css,cfe30016,romyramrakhyani,2026-04-13,19:00:50,-06:00,2026-04-13T19:00:50-06:00,0,30
style.css,245,css,8751f71a,romyramrakhyani,2026-04-13,18:49:48,-06:00,2026-04-13T18:49:48-06:00,0,13
style.css,246,css,8751f71a,romyramrakhyani,2026-04-13,18:49:48,-06:00,2026-04-13T18:49:48-06:00,1,17
style.css,247,css,8751f71a,romyramrakhyani,2026-04-13,18:49:48,-06:00,2026-04-13T18:49:48-06:00,1,8
style.css,248,css,8751f71a,romyramrakhyani,2026-04-13,18:49:48,-06:00,2026-04-13T18:49:48-06:00,1,10
style.css,249,css,8751f71a,romyramrakhyani,2026-04-13,18:49:48,-06:00,2026-04-13T18:49:48-06:00,1,13
style.css,250,css,07833496,romyramrakhyani,2026-04-29,16:15:24,-06:00,2026-04-29T16:15:24-06:00,0,0
style.css,251,css,07833496,romyramrakhyani,2026-04-29,16:15:24,-06:00,2026-04-29T16:15:24-06:00,0,13
style.css,252,css,07833496,romyramrakhyani,2026-04-29,16:15:24,-06:00,2026-04-29T16:15:24-06:00,2,43
style.css,253,css,07833496,romyramrakhyani,2026-04-29,16:15:24,-06:00,2026-04-29T16:15:24-06:00,2,34
style.css,254,css,07833496,romyramrakhyani,2026-04-29,16:15:24,-06:00,2026-04-29T16:15:24-06:00,2,17
style.css,255,css,07833496,romyramrakhyani,2026-04-29,16:15:24,-06:00,2026-04-29T16:15:24-06:00,2,54
style.css,256,css,07833496,romyramrakhyani,2026-04-29,16:15:24,-06:00,2026-04-29T16:15:24-06:00,2,17
style.css,257,css,07833496,romyramrakhyani,2026-04-29,16:15:24,-06:00,2026-04-29T16:15:24-06:00,0,0
style.css,258,css,07833496,romyramrakhyani,2026-04-29,16:15:24,-06:00,2026-04-29T16:15:24-06:00,0,0
style.css,259,css,07833496,romyramrakhyani,2026-04-29,16:15:24,-06:00,2026-04-29T16:15:24-06:00,0,45
style.css,260,css,07833496,romyramrakhyani,2026-04-29,16:15:24,-06:00,2026-04-29T16:15:24-06:00,0,16
style.css,261,css,07833496,romyramrakhyani,2026-04-29,16:15:24,-06:00,2026-04-29T16:15:24-06:00,2,12
style.css,262,css,07833496,romyramrakhyani,2026-04-29,16:15:24,-06:00,2026-04-29T16:15:24-06:00,2,21
style.css,263,css,07833496,romyramrakhyani,2026-04-29,16:15:24,-06:00,2026-04-29T16:15:24-06:00,2,10
style.css,264,css,07833496,romyramrakhyani,2026-04-29,16:15:24,-06:00,2026-04-29T16:15:24-06:00,0,0
style.css,265,css,07833496,romyramrakhyani,2026-04-29,16:15:24,-06:00,2026-04-29T16:15:24-06:00,0,10
style.css,266,css,07833496,romyramrakhyani,2026-04-29,16:15:24,-06:00,2026-04-29T16:15:24-06:00,2,10
style.css,267,css,07833496,romyramrakhyani,2026-04-29,16:15:24,-06:00,2026-04-29T16:15:24-06:00,2,14
style.css,268,css,07833496,romyramrakhyani,2026-04-29,16:15:24,-06:00,2026-04-29T16:15:24-06:00,2,20
style.css,269,css,07833496,romyramrakhyani,2026-04-29,16:15:24,-06:00,2026-04-29T16:15:24-06:00,2,36
style.css,270,css,07833496,romyramrakhyani,2026-04-29,16:15:24,-06:00,2026-04-29T16:15:24-06:00,2,17
style.css,271,css,07833496,romyramrakhyani,2026-04-29,16:15:24,-06:00,2026-04-29T16:15:24-06:00,2,12
style.css,272,css,07833496,romyramrakhyani,2026-04-29,16:15:24,-06:00,2026-04-29T16:15:24-06:00,2,17
style.css,273,css,07833496,romyramrakhyani,2026-04-29,16:15:24,-06:00,2026-04-29T16:15:24-06:00,2,16
style.css,274,css,07833496,romyramrakhyani,2026-04-29,16:15:24,-06:00,2026-04-29T16:15:24-06:00,0,0
style.css,275,css,07833496,romyramrakhyani,2026-04-29,16:15:24,-06:00,2026-04-29T16:15:24-06:00,0,0
style.css,276,css,07833496,romyramrakhyani,2026-04-29,16:15:24,-06:00,2026-04-29T16:15:24-06:00,0,24
style.css,277,css,07833496,romyramrakhyani,2026-04-29,16:15:24,-06:00,2026-04-29T16:15:24-06:00,0,14
style.css,278,css,07833496,romyramrakhyani,2026-04-29,16:15:24,-06:00,2026-04-29T16:15:24-06:00,2,12
style.css,279,css,07833496,romyramrakhyani,2026-04-29,16:15:24,-06:00,2026-04-29T16:15:24-06:00,2,18
style.css,280,css,07833496,romyramrakhyani,2026-04-29,16:15:24,-06:00,2026-04-29T16:15:24-06:00,2,8
style.css,281,css,07833496,romyramrakhyani,2026-04-29,16:15:24,-06:00,2026-04-29T16:15:24-06:00,2,13
style.css,282,css,07833496,romyramrakhyani,2026-04-29,16:15:24,-06:00,2026-04-29T16:15:24-06:00,0,0
style.css,283,css,07833496,romyramrakhyani,2026-04-29,16:15:24,-06:00,2026-04-29T16:15:24-06:00,0,0
style.css,284,css,07833496,romyramrakhyani,2026-04-29,16:15:24,-06:00,2026-04-29T16:15:24-06:00,0,13
style.css,285,css,07833496,romyramrakhyani,2026-04-29,16:15:24,-06:00,2026-04-29T16:15:24-06:00,2,15
style.css,286,css,07833496,romyramrakhyani,2026-04-29,16:15:24,-06:00,2026-04-29T16:15:24-06:00,0,0
style.css,287,css,07833496,romyramrakhyani,2026-04-29,16:15:24,-06:00,2026-04-29T16:15:24-06:00,0,0
style.css,288,css,07833496,romyramrakhyani,2026-04-29,16:15:24,-06:00,2026-04-29T16:15:24-06:00,0,7
style.css,289,css,07833496,romyramrakhyani,2026-04-29,16:15:24,-06:00,2026-04-29T16:15:24-06:00,2,12
style.css,290,css,07833496,romyramrakhyani,2026-04-29,16:15:24,-06:00,2026-04-29T16:15:24-06:00,2,56
style.css,291,css,07833496,romyramrakhyani,2026-04-29,16:15:24,-06:00,2026-04-29T16:15:24-06:00,2,7
style.css,292,css,07833496,romyramrakhyani,2026-04-29,16:15:24,-06:00,2026-04-29T16:15:24-06:00,2,6
style.css,293,css,07833496,romyramrakhyani,2026-04-29,16:15:24,-06:00,2026-04-29T16:15:24-06:00,2,15
style.css,294,css,07833496,romyramrakhyani,2026-04-29,16:15:24,-06:00,2026-04-29T16:15:24-06:00,2,9
style.css,295,css,f2b1786f,romyramrakhyani,2026-04-29,16:23:43,-06:00,2026-04-29T16:23:43-06:00,0,0
style.css,296,css,f2b1786f,romyramrakhyani,2026-04-29,16:23:43,-06:00,2026-04-29T16:23:43-06:00,0,43
style.css,297,css,f2b1786f,romyramrakhyani,2026-04-29,16:23:43,-06:00,2026-04-29T16:23:43-06:00,0,14
style.css,298,css,f2b1786f,romyramrakhyani,2026-04-29,16:23:43,-06:00,2026-04-29T16:23:43-06:00,2,12
style.css,299,css,f2b1786f,romyramrakhyani,2026-04-29,16:23:43,-06:00,2026-04-29T16:23:43-06:00,2,18
style.css,300,css,f2b1786f,romyramrakhyani,2026-04-29,16:23:43,-06:00,2026-04-29T16:23:43-06:00,2,8
style.css,301,css,f2b1786f,romyramrakhyani,2026-04-29,16:23:43,-06:00,2026-04-29T16:23:43-06:00,2,17
style.css,302,css,f2b1786f,romyramrakhyani,2026-04-29,16:23:43,-06:00,2026-04-29T16:23:43-06:00,2,36
style.css,303,css,f2b1786f,romyramrakhyani,2026-04-29,16:23:43,-06:00,2026-04-29T16:23:43-06:00,2,12
style.css,304,css,f2b1786f,romyramrakhyani,2026-04-29,16:23:43,-06:00,2026-04-29T16:23:43-06:00,2,18
style.css,305,css,f2b1786f,romyramrakhyani,2026-04-29,16:23:43,-06:00,2026-04-29T16:23:43-06:00,0,0
style.css,306,css,f2b1786f,romyramrakhyani,2026-04-29,16:23:43,-06:00,2026-04-29T16:23:43-06:00,0,0
style.css,307,css,f2b1786f,romyramrakhyani,2026-04-29,16:23:43,-06:00,2026-04-29T16:23:43-06:00,0,20
style.css,308,css,f2b1786f,romyramrakhyani,2026-04-29,16:23:43,-06:00,2026-04-29T16:23:43-06:00,0,17
style.css,309,css,f2b1786f,romyramrakhyani,2026-04-29,16:23:43,-06:00,2026-04-29T16:23:43-06:00,2,14
style.css,310,css,f2b1786f,romyramrakhyani,2026-04-29,16:23:43,-06:00,2026-04-29T16:23:43-06:00,2,58
style.css,311,css,f2b1786f,romyramrakhyani,2026-04-29,16:23:43,-06:00,2026-04-29T16:23:43-06:00,0,0
style.css,312,css,f2b1786f,romyramrakhyani,2026-04-29,16:23:43,-06:00,2026-04-29T16:23:43-06:00,0,0
style.css,313,css,f2b1786f,romyramrakhyani,2026-04-29,16:23:43,-06:00,2026-04-29T16:23:43-06:00,0,29
style.css,314,css,f2b1786f,romyramrakhyani,2026-04-29,16:23:43,-06:00,2026-04-29T16:23:43-06:00,0,7
style.css,315,css,f2b1786f,romyramrakhyani,2026-04-29,16:23:43,-06:00,2026-04-29T16:23:43-06:00,2,12
style.css,316,css,f2b1786f,romyramrakhyani,2026-04-29,16:23:43,-06:00,2026-04-29T16:23:43-06:00,2,57
style.css,317,css,f2b1786f,romyramrakhyani,2026-04-29,16:23:43,-06:00,2026-04-29T16:23:43-06:00,2,9
style.css,318,css,f2b1786f,romyramrakhyani,2026-04-29,16:23:43,-06:00,2026-04-29T16:23:43-06:00,2,37
style.css,319,css,f2b1786f,romyramrakhyani,2026-04-29,16:23:43,-06:00,2026-04-29T16:23:43-06:00,2,15
style.css,320,css,f2b1786f,romyramrakhyani,2026-04-29,16:23:43,-06:00,2026-04-29T16:23:43-06:00,2,9
style.css,321,css,f2b1786f,romyramrakhyani,2026-04-29,16:23:43,-06:00,2026-04-29T16:23:43-06:00,2,8
style.css,322,css,f2b1786f,romyramrakhyani,2026-04-29,16:23:43,-06:00,2026-04-29T16:23:43-06:00,0,0
style.css,323,css,f2b1786f,romyramrakhyani,2026-04-29,16:23:43,-06:00,2026-04-29T16:23:43-06:00,0,0
style.css,324,css,f2b1786f,romyramrakhyani,2026-04-29,16:23:43,-06:00,2026-04-29T16:23:43-06:00,0,12
style.css,325,css,f2b1786f,romyramrakhyani,2026-04-29,16:23:43,-06:00,2026-04-29T16:23:43-06:00,2,12
style.css,326,css,f2b1786f,romyramrakhyani,2026-04-29,16:23:43,-06:00,2026-04-29T16:23:43-06:00,2,18
style.css,327,css,f2b1786f,romyramrakhyani,2026-04-29,16:23:43,-06:00,2026-04-29T16:23:43-06:00,2,9
style.css,328,css,f2b1786f,romyramrakhyani,2026-04-29,16:23:43,-06:00,2026-04-29T16:23:43-06:00,0,0
style.css,329,css,f2b1786f,romyramrakhyani,2026-04-29,16:23:43,-06:00,2026-04-29T16:23:43-06:00,0,0
style.css,330,css,f2b1786f,romyramrakhyani,2026-04-29,16:23:43,-06:00,2026-04-29T16:23:43-06:00,0,20
style.css,331,css,f2b1786f,romyramrakhyani,2026-04-29,16:23:43,-06:00,2026-04-29T16:23:43-06:00,0,7
style.css,332,css,f2b1786f,romyramrakhyani,2026-04-29,16:23:43,-06:00,2026-04-29T16:23:43-06:00,2,20
style.css,333,css,f2b1786f,romyramrakhyani,2026-04-29,16:23:43,-06:00,2026-04-29T16:23:43-06:00,2,11
style.css,334,css,f2b1786f,romyramrakhyani,2026-04-29,16:23:43,-06:00,2026-04-29T16:23:43-06:00,2,12
style.css,335,css,f2b1786f,romyramrakhyani,2026-04-29,16:23:43,-06:00,2026-04-29T16:23:43-06:00,2,29
style.css,336,css,f2b1786f,romyramrakhyani,2026-04-29,16:23:43,-06:00,2026-04-29T16:23:43-06:00,2,52
style.css,337,css,f2b1786f,romyramrakhyani,2026-04-29,16:23:43,-06:00,2026-04-29T16:23:43-06:00,2,18
style.css,338,css,f2b1786f,romyramrakhyani,2026-04-29,16:23:43,-06:00,2026-04-29T16:23:43-06:00,0,0
style.css,339,css,f2b1786f,romyramrakhyani,2026-04-29,16:23:43,-06:00,2026-04-29T16:23:43-06:00,0,0
style.css,340,css,f2b1786f,romyramrakhyani,2026-04-29,16:23:43,-06:00,2026-04-29T16:23:43-06:00,0,15
style.css,341,css,f2b1786f,romyramrakhyani,2026-04-29,16:23:43,-06:00,2026-04-29T16:23:43-06:00,2,54
style.css,342,css,f2b1786f,romyramrakhyani,2026-04-29,16:23:43,-06:00,2026-04-29T16:23:43-06:00,2,15
style.css,343,css,f28c52b9,romyramrakhyani,2026-05-01,12:48:26,-06:00,2026-05-01T12:48:26-06:00,0,0
style.css,344,css,f28c52b9,romyramrakhyani,2026-05-01,12:48:26,-06:00,2026-05-01T12:48:26-06:00,0,14
style.css,345,css,f28c52b9,romyramrakhyani,2026-05-01,12:48:26,-06:00,2026-05-01T12:48:26-06:00,2,12
style.css,346,css,f28c52b9,romyramrakhyani,2026-05-01,12:48:26,-06:00,2026-05-01T12:48:26-06:00,2,18
style.css,347,css,f28c52b9,romyramrakhyani,2026-05-01,12:48:26,-06:00,2026-05-01T12:48:26-06:00,2,8
style.css,348,css,f28c52b9,romyramrakhyani,2026-05-01,12:48:26,-06:00,2026-05-01T12:48:26-06:00,2,13
style.css,349,css,f28c52b9,romyramrakhyani,2026-05-01,12:48:26,-06:00,2026-05-01T12:48:26-06:00,0,0
style.css,350,css,f28c52b9,romyramrakhyani,2026-05-01,12:48:26,-06:00,2026-05-01T12:48:26-06:00,0,0
style.css,351,css,f28c52b9,romyramrakhyani,2026-05-01,12:48:26,-06:00,2026-05-01T12:48:26-06:00,0,13
style.css,352,css,f28c52b9,romyramrakhyani,2026-05-01,12:48:26,-06:00,2026-05-01T12:48:26-06:00,2,6
style.css,353,css,f28c52b9,romyramrakhyani,2026-05-01,12:48:26,-06:00,2026-05-01T12:48:26-06:00,2,14
style.css,354,css,f28c52b9,romyramrakhyani,2026-05-01,12:48:26,-06:00,2026-05-01T12:48:26-06:00,0,0
style.css,355,css,f28c52b9,romyramrakhyani,2026-05-01,12:48:26,-06:00,2026-05-01T12:48:26-06:00,0,0
style.css,356,css,f28c52b9,romyramrakhyani,2026-05-01,12:48:26,-06:00,2026-05-01T12:48:26-06:00,0,17
style.css,357,css,f28c52b9,romyramrakhyani,2026-05-01,12:48:26,-06:00,2026-05-01T12:48:26-06:00,2,13
style.css,358,css,f28c52b9,romyramrakhyani,2026-05-01,12:48:26,-06:00,2026-05-01T12:48:26-06:00,2,10
style.css,359,css,f28c52b9,romyramrakhyani,2026-05-01,12:48:26,-06:00,2026-05-01T12:48:26-06:00,2,16
style.css,360,css,e0228425,romyramrakhyani,2026-05-01,13:06:14,-06:00,2026-05-01T13:06:14-06:00,0,0
style.css,361,css,e0228425,romyramrakhyani,2026-05-01,13:06:14,-06:00,2026-05-01T13:06:14-06:00,0,10
style.css,362,css,e0228425,romyramrakhyani,2026-05-01,13:06:14,-06:00,2026-05-01T13:06:14-06:00,1,10
style.css,363,css,e0228425,romyramrakhyani,2026-05-01,13:06:14,-06:00,2026-05-01T13:06:14-06:00,1,14
style.css,364,css,e0228425,romyramrakhyani,2026-05-01,13:06:14,-06:00,2026-05-01T13:06:14-06:00,1,18
style.css,365,css,e0228425,romyramrakhyani,2026-05-01,13:06:14,-06:00,2026-05-01T13:06:14-06:00,1,36
style.css,366,css,e0228425,romyramrakhyani,2026-05-01,13:06:14,-06:00,2026-05-01T13:06:14-06:00,1,17
style.css,367,css,e0228425,romyramrakhyani,2026-05-01,13:06:14,-06:00,2026-05-01T13:06:14-06:00,1,23
style.css,368,css,e0228425,romyramrakhyani,2026-05-01,13:06:14,-06:00,2026-05-01T13:06:14-06:00,1,16
style.css,369,css,e0228425,romyramrakhyani,2026-05-01,13:06:14,-06:00,2026-05-01T13:06:14-06:00,1,19
style.css,370,css,e0228425,romyramrakhyani,2026-05-01,13:06:14,-06:00,2026-05-01T13:06:14-06:00,1,14
style.css,371,css,e0228425,romyramrakhyani,2026-05-01,13:06:14,-06:00,2026-05-01T13:06:14-06:00,0,0
style.css,372,css,e0228425,romyramrakhyani,2026-05-01,13:06:14,-06:00,2026-05-01T13:06:14-06:00,0,0
style.css,373,css,e0228425,romyramrakhyani,2026-05-01,13:06:14,-06:00,2026-05-01T13:06:14-06:00,0,32
style.css,374,css,e0228425,romyramrakhyani,2026-05-01,13:06:14,-06:00,2026-05-01T13:06:14-06:00,0,16
style.css,375,css,e0228425,romyramrakhyani,2026-05-01,13:06:14,-06:00,2026-05-01T13:06:14-06:00,1,37
style.css,376,css,e0228425,romyramrakhyani,2026-05-01,13:06:14,-06:00,2026-05-01T13:06:14-06:00,1,19
style.css,377,css,aa4540d1,romyramrakhyani,2026-05-01,13:09:27,-06:00,2026-05-01T13:09:27-06:00,0,0
style.css,378,css,aa4540d1,romyramrakhyani,2026-05-01,13:09:27,-06:00,2026-05-01T13:09:27-06:00,0,26
style.css,379,css,aa4540d1,romyramrakhyani,2026-05-01,13:09:27,-06:00,2026-05-01T13:09:27-06:00,0,4
style.css,380,css,aa4540d1,romyramrakhyani,2026-05-01,13:09:27,-06:00,2026-05-01T13:09:27-06:00,1,16
style.css,381,css,aa4540d1,romyramrakhyani,2026-05-01,13:09:27,-06:00,2026-05-01T13:09:27-06:00,1,14
style.css,382,css,aa4540d1,romyramrakhyani,2026-05-01,13:09:27,-06:00,2026-05-01T13:09:27-06:00,0,0
style.css,383,css,aa4540d1,romyramrakhyani,2026-05-01,13:09:27,-06:00,2026-05-01T13:09:27-06:00,0,0
style.css,384,css,aa4540d1,romyramrakhyani,2026-05-01,13:09:27,-06:00,2026-05-01T13:09:27-06:00,0,71
style.css,385,css,aa4540d1,romyramrakhyani,2026-05-01,13:09:27,-06:00,2026-05-01T13:09:27-06:00,0,50
style.css,386,css,aa4540d1,romyramrakhyani,2026-05-01,13:09:27,-06:00,2026-05-01T13:09:27-06:00,1,11
style.css,387,css,aa4540d1,romyramrakhyani,2026-05-01,13:09:27,-06:00,2026-05-01T13:09:27-06:00,0,0
style.css,388,css,aa4540d1,romyramrakhyani,2026-05-01,13:09:27,-06:00,2026-05-01T13:09:27-06:00,0,0
style.css,389,css,aa4540d1,romyramrakhyani,2026-05-01,13:09:27,-06:00,2026-05-01T13:09:27-06:00,0,50
style.css,390,css,aa4540d1,romyramrakhyani,2026-05-01,13:09:27,-06:00,2026-05-01T13:09:27-06:00,0,9
style.css,391,css,aa4540d1,romyramrakhyani,2026-05-01,13:09:27,-06:00,2026-05-01T13:09:27-06:00,1,35
style.css,392,css,aa4540d1,romyramrakhyani,2026-05-01,13:09:27,-06:00,2026-05-01T13:09:27-06:00,0,0
style.css,393,css,aa4540d1,romyramrakhyani,2026-05-01,13:09:27,-06:00,2026-05-01T13:09:27-06:00,0,0
style.css,394,css,aa4540d1,romyramrakhyani,2026-05-01,13:09:27,-06:00,2026-05-01T13:09:27-06:00,0,13
style.css,395,css,aa4540d1,romyramrakhyani,2026-05-01,13:09:27,-06:00,2026-05-01T13:09:27-06:00,1,17
style.css,396,css,aa4540d1,romyramrakhyani,2026-05-01,13:09:27,-06:00,2026-05-01T13:09:27-06:00,0,0
style.css,397,css,aa4540d1,romyramrakhyani,2026-05-01,13:09:27,-06:00,2026-05-01T13:09:27-06:00,0,0
style.css,398,css,aa4540d1,romyramrakhyani,2026-05-01,13:09:27,-06:00,2026-05-01T13:09:27-06:00,0,11
style.css,399,css,aa4540d1,romyramrakhyani,2026-05-01,13:09:27,-06:00,2026-05-01T13:09:27-06:00,1,16
style.css,400,css,488a1470,romyramrakhyani,2026-04-01,19:50:29,-06:00,2026-04-01T19:50:29-06:00,0,0
index.js,1,js,3680d841,romyramrakhyani,2026-04-22,15:38:25,-06:00,2026-04-22T15:38:25-06:00,0,71
index.js,2,js,9b0c38c2,romyramrakhyani,2026-04-21,19:12:41,-06:00,2026-04-21T19:12:41-06:00,0,0
index.js,3,js,855c8a48,romyramrakhyani,2026-04-23,23:28:51,-06:00,2026-04-23T23:28:51-06:00,0,32
index.js,4,js,855c8a48,romyramrakhyani,2026-04-23,23:28:51,-06:00,2026-04-23T23:28:51-06:00,0,54
index.js,5,js,855c8a48,romyramrakhyani,2026-04-23,23:28:51,-06:00,2026-04-23T23:28:51-06:00,0,60
index.js,6,js,855c8a48,romyramrakhyani,2026-04-23,23:28:51,-06:00,2026-04-23T23:28:51-06:00,0,0
index.js,7,js,855c8a48,romyramrakhyani,2026-04-23,23:28:51,-06:00,2026-04-23T23:28:51-06:00,0,34
index.js,8,js,855c8a48,romyramrakhyani,2026-04-23,23:28:51,-06:00,2026-04-23T23:28:51-06:00,2,42
index.js,9,js,855c8a48,romyramrakhyani,2026-04-23,23:28:51,-06:00,2026-04-23T23:28:51-06:00,2,54
index.js,10,js,3680d841,romyramrakhyani,2026-04-22,15:38:25,-06:00,2026-04-22T15:38:25-06:00,0,0
index.js,11,js,3680d841,romyramrakhyani,2026-04-22,15:38:25,-06:00,2026-04-22T15:38:25-06:00,0,0
index.js,12,js,855c8a48,romyramrakhyani,2026-04-23,23:28:51,-06:00,2026-04-23T23:28:51-06:00,0,23
index.js,13,js,855c8a48,romyramrakhyani,2026-04-23,23:28:51,-06:00,2026-04-23T23:28:51-06:00,0,58
index.js,14,js,855c8a48,romyramrakhyani,2026-04-23,23:28:51,-06:00,2026-04-23T23:28:51-06:00,0,60
index.js,15,js,3680d841,romyramrakhyani,2026-04-22,15:38:25,-06:00,2026-04-22T15:38:25-06:00,0,0
index.js,16,js,855c8a48,romyramrakhyani,2026-04-23,23:28:51,-06:00,2026-04-23T23:28:51-06:00,0,31
index.js,17,js,855c8a48,romyramrakhyani,2026-04-23,23:28:51,-06:00,2026-04-23T23:28:51-06:00,2,24
index.js,18,js,855c8a48,romyramrakhyani,2026-04-23,23:28:51,-06:00,2026-04-23T23:28:51-06:00,4,21
index.js,19,js,855c8a48,romyramrakhyani,2026-04-23,23:28:51,-06:00,2026-04-23T23:28:51-06:00,6,54
index.js,20,js,855c8a48,romyramrakhyani,2026-04-23,23:28:51,-06:00,2026-04-23T23:28:51-06:00,6,54
index.js,21,js,855c8a48,romyramrakhyani,2026-04-23,23:28:51,-06:00,2026-04-23T23:28:51-06:00,6,48
index.js,22,js,855c8a48,romyramrakhyani,2026-04-23,23:28:51,-06:00,2026-04-23T23:28:51-06:00,6,48
index.js,23,js,855c8a48,romyramrakhyani,2026-04-23,23:28:51,-06:00,2026-04-23T23:28:51-06:00,4,3
index.js,24,js,855c8a48,romyramrakhyani,2026-04-23,23:28:51,-06:00,2026-04-23T23:28:51-06:00,2,0
index.js,25,js,9b0c38c2,romyramrakhyani,2026-04-21,19:12:41,-06:00,2026-04-21T19:12:41-06:00,0,0
index.html,1,html,5f3ea22b,romyramrakhyani,2026-04-01,18:58:16,-06:00,2026-04-01T18:58:16-06:00,0,13
index.html,2,html,719cb7df,romyramrakhyani,2026-04-24,10:40:40,-06:00,2026-04-24T10:40:40-06:00,0,27
index.html,3,html,5f3ea22b,romyramrakhyani,2026-04-01,18:58:16,-06:00,2026-04-01T18:58:16-06:00,0,4
index.html,4,html,5f3ea22b,romyramrakhyani,2026-04-01,18:58:16,-06:00,2026-04-01T18:58:16-06:00,2,20
index.html,5,html,5f3ea22b,romyramrakhyani,2026-04-01,18:58:16,-06:00,2026-04-01T18:58:16-06:00,2,68
index.html,6,html,488a1470,romyramrakhyani,2026-04-01,19:50:29,-06:00,2026-04-01T19:50:29-06:00,2,38
index.html,7,html,9b0c38c2,romyramrakhyani,2026-04-21,19:12:41,-06:00,2026-04-21T19:12:41-06:00,2,0
index.html,8,html,35bf0854,romyramrakhyani,2026-04-13,17:22:43,-06:00,2026-04-13T17:22:43-06:00,2,45
index.html,9,html,719cb7df,romyramrakhyani,2026-04-24,10:40:40,-06:00,2026-04-24T10:40:40-06:00,2,0
index.html,10,html,9b0c38c2,romyramrakhyani,2026-04-21,19:12:41,-06:00,2026-04-21T19:12:41-06:00,2,44
index.html,11,html,9b0c38c2,romyramrakhyani,2026-04-21,19:12:41,-06:00,2026-04-21T19:12:41-06:00,2,0
index.html,12,html,719cb7df,romyramrakhyani,2026-04-24,10:40:40,-06:00,2026-04-24T10:40:40-06:00,2,44
index.html,13,html,5f3ea22b,romyramrakhyani,2026-04-01,18:58:16,-06:00,2026-04-01T18:58:16-06:00,0,5
index.html,14,html,5f3ea22b,romyramrakhyani,2026-04-01,18:58:16,-06:00,2026-04-01T18:58:16-06:00,0,4
index.html,15,html,7bbc974a,romyramrakhyani,2026-04-06,15:18:34,-06:00,2026-04-06T15:18:34-06:00,0,0
index.html,16,html,5f3ea22b,romyramrakhyani,2026-04-01,18:58:16,-06:00,2026-04-01T18:58:16-06:00,2,23
index.html,17,html,719cb7df,romyramrakhyani,2026-04-24,10:40:40,-06:00,2026-04-24T10:40:40-06:00,2,0
index.html,18,html,becdffd0,romyramrakhyani,2026-04-01,19:26:21,-06:00,2026-04-01T19:26:21-06:00,2,82
index.html,19,html,7bbc974a,romyramrakhyani,2026-04-06,15:18:34,-06:00,2026-04-06T15:18:34-06:00,2,0
index.html,20,html,9b0c38c2,romyramrakhyani,2026-04-21,19:12:41,-06:00,2026-04-21T19:12:41-06:00,2,81
index.html,21,html,9f7a2958,romyramrakhyani,2026-04-24,10:37:13,-06:00,2026-04-24T10:37:13-06:00,0,0
index.html,22,html,3680d841,romyramrakhyani,2026-04-22,15:38:25,-06:00,2026-04-22T15:38:25-06:00,2,7
index.html,23,html,9f7a2958,romyramrakhyani,2026-04-24,10:37:13,-06:00,2026-04-24T10:37:13-06:00,4,22
index.html,24,html,719cb7df,romyramrakhyani,2026-04-24,10:40:40,-06:00,2026-04-24T10:40:40-06:00,4,22
index.html,25,html,719cb7df,romyramrakhyani,2026-04-24,10:40:40,-06:00,2026-04-24T10:40:40-06:00,6,4
index.html,26,html,3680d841,romyramrakhyani,2026-04-22,15:38:25,-06:00,2026-04-22T15:38:25-06:00,2,8
index.html,27,html,9f7a2958,romyramrakhyani,2026-04-24,10:37:13,-06:00,2026-04-24T10:37:13-06:00,0,0
index.html,28,html,9b0c38c2,romyramrakhyani,2026-04-21,19:12:41,-06:00,2026-04-21T19:12:41-06:00,2,7
index.html,29,html,9b0c38c2,romyramrakhyani,2026-04-21,19:12:41,-06:00,2026-04-21T19:12:41-06:00,4,22
index.html,30,html,719cb7df,romyramrakhyani,2026-04-24,10:40:40,-06:00,2026-04-24T10:40:40-06:00,4,20
index.html,31,html,719cb7df,romyramrakhyani,2026-04-24,10:40:40,-06:00,2026-04-24T10:40:40-06:00,6,4
index.html,32,html,9b0c38c2,romyramrakhyani,2026-04-21,19:12:41,-06:00,2026-04-21T19:12:41-06:00,2,8
index.html,33,html,9b0c38c2,romyramrakhyani,2026-04-21,19:12:41,-06:00,2026-04-21T19:12:41-06:00,0,0
index.html,34,html,5f3ea22b,romyramrakhyani,2026-04-01,18:58:16,-06:00,2026-04-01T18:58:16-06:00,0,5
index.html,35,html,7bbc974a,romyramrakhyani,2026-04-06,15:18:34,-06:00,2026-04-06T15:18:34-06:00,0,5
global.js,1,js,719cb7df,romyramrakhyani,2026-04-24,10:40:40,-06:00,2026-04-24T10:40:40-06:00,0,29
global.js,2,js,719cb7df,romyramrakhyani,2026-04-24,10:40:40,-06:00,2026-04-24T10:40:40-06:00,0,11
global.js,3,js,719cb7df,romyramrakhyani,2026-04-24,10:40:40,-06:00,2026-04-24T10:40:40-06:00,2,25
global.js,4,js,719cb7df,romyramrakhyani,2026-04-24,10:40:40,-06:00,2026-04-24T10:40:40-06:00,2,38
global.js,5,js,719cb7df,romyramrakhyani,2026-04-24,10:40:40,-06:00,2026-04-24T10:40:40-06:00,2,36
global.js,6,js,719cb7df,romyramrakhyani,2026-04-24,10:40:40,-06:00,2026-04-24T10:40:40-06:00,2,34
global.js,7,js,719cb7df,romyramrakhyani,2026-04-24,10:40:40,-06:00,2026-04-24T10:40:40-06:00,2,61
global.js,8,js,00000000,Not Committed Yet,2026-05-05,20:34:24,-06:00,2026-05-05T20:34:24-06:00,2,30
global.js,9,js,719cb7df,romyramrakhyani,2026-04-24,10:40:40,-06:00,2026-04-24T10:40:40-06:00,0,0
global.js,10,js,719cb7df,romyramrakhyani,2026-04-24,10:40:40,-06:00,2026-04-24T10:40:40-06:00,0,0
global.js,11,js,719cb7df,romyramrakhyani,2026-04-24,10:40:40,-06:00,2026-04-24T10:40:40-06:00,0,38
global.js,12,js,719cb7df,romyramrakhyani,2026-04-24,10:40:40,-06:00,2026-04-24T10:40:40-06:00,0,25
global.js,13,js,719cb7df,romyramrakhyani,2026-04-24,10:40:40,-06:00,2026-04-24T10:40:40-06:00,0,36
global.js,14,js,719cb7df,romyramrakhyani,2026-04-24,10:40:40,-06:00,2026-04-24T10:40:40-06:00,0,13
global.js,15,js,719cb7df,romyramrakhyani,2026-04-24,10:40:40,-06:00,2026-04-24T10:40:40-06:00,0,0
global.js,16,js,719cb7df,romyramrakhyani,2026-04-24,10:40:40,-06:00,2026-04-24T10:40:40-06:00,0,20
global.js,17,js,719cb7df,romyramrakhyani,2026-04-24,10:40:40,-06:00,2026-04-24T10:40:40-06:00,2,14
global.js,18,js,719cb7df,romyramrakhyani,2026-04-24,10:40:40,-06:00,2026-04-24T10:40:40-06:00,2,18
global.js,19,js,719cb7df,romyramrakhyani,2026-04-24,10:40:40,-06:00,2026-04-24T10:40:40-06:00,0,0
global.js,20,js,719cb7df,romyramrakhyani,2026-04-24,10:40:40,-06:00,2026-04-24T10:40:40-06:00,2,70
global.js,21,js,719cb7df,romyramrakhyani,2026-04-24,10:40:40,-06:00,2026-04-24T10:40:40-06:00,2,44
global.js,22,js,719cb7df,romyramrakhyani,2026-04-24,10:40:40,-06:00,2026-04-24T10:40:40-06:00,4,16
global.js,23,js,719cb7df,romyramrakhyani,2026-04-24,10:40:40,-06:00,2026-04-24T10:40:40-06:00,2,0
global.js,24,js,719cb7df,romyramrakhyani,2026-04-24,10:40:40,-06:00,2026-04-24T10:40:40-06:00,0,0
global.js,25,js,719cb7df,romyramrakhyani,2026-04-24,10:40:40,-06:00,2026-04-24T10:40:40-06:00,2,34
global.js,26,js,719cb7df,romyramrakhyani,2026-04-24,10:40:40,-06:00,2026-04-24T10:40:40-06:00,2,11
global.js,27,js,719cb7df,romyramrakhyani,2026-04-24,10:40:40,-06:00,2026-04-24T10:40:40-06:00,2,20
global.js,28,js,719cb7df,romyramrakhyani,2026-04-24,10:40:40,-06:00,2026-04-24T10:40:40-06:00,0,0
global.js,29,js,719cb7df,romyramrakhyani,2026-04-24,10:40:40,-06:00,2026-04-24T10:40:40-06:00,2,65
global.js,30,js,719cb7df,romyramrakhyani,2026-04-24,10:40:40,-06:00,2026-04-24T10:40:40-06:00,4,25
global.js,31,js,719cb7df,romyramrakhyani,2026-04-24,10:40:40,-06:00,2026-04-24T10:40:40-06:00,2,0
global.js,32,js,719cb7df,romyramrakhyani,2026-04-24,10:40:40,-06:00,2026-04-24T10:40:40-06:00,0,0
global.js,33,js,719cb7df,romyramrakhyani,2026-04-24,10:40:40,-06:00,2026-04-24T10:40:40-06:00,2,29
global.js,34,js,719cb7df,romyramrakhyani,2026-04-24,10:40:40,-06:00,2026-04-24T10:40:40-06:00,4,18
global.js,35,js,719cb7df,romyramrakhyani,2026-04-24,10:40:40,-06:00,2026-04-24T10:40:40-06:00,2,0
global.js,36,js,719cb7df,romyramrakhyani,2026-04-24,10:40:40,-06:00,2026-04-24T10:40:40-06:00,0,0
global.js,37,js,719cb7df,romyramrakhyani,2026-04-24,10:40:40,-06:00,2026-04-24T10:40:40-06:00,2,36
global.js,38,js,719cb7df,romyramrakhyani,2026-04-24,10:40:40,-06:00,2026-04-24T10:40:40-06:00,2,11
global.js,39,js,719cb7df,romyramrakhyani,2026-04-24,10:40:40,-06:00,2026-04-24T10:40:40-06:00,2,12
global.js,40,js,719cb7df,romyramrakhyani,2026-04-24,10:40:40,-06:00,2026-04-24T10:40:40-06:00,0,0
global.js,41,js,719cb7df,romyramrakhyani,2026-04-24,10:40:40,-06:00,2026-04-24T10:40:40-06:00,0,0
global.js,42,js,719cb7df,romyramrakhyani,2026-04-24,10:40:40,-06:00,2026-04-24T10:40:40-06:00,0,33
global.js,43,js,719cb7df,romyramrakhyani,2026-04-24,10:40:40,-06:00,2026-04-24T10:40:40-06:00,0,31
global.js,44,js,719cb7df,romyramrakhyani,2026-04-24,10:40:40,-06:00,2026-04-24T10:40:40-06:00,2,11
global.js,45,js,719cb7df,romyramrakhyani,2026-04-24,10:40:40,-06:00,2026-04-24T10:40:40-06:00,2,0
global.js,46,js,719cb7df,romyramrakhyani,2026-04-24,10:40:40,-06:00,2026-04-24T10:40:40-06:00,2,26
global.js,47,js,719cb7df,romyramrakhyani,2026-04-24,10:40:40,-06:00,2026-04-24T10:40:40-06:00,4,4
global.js,48,js,07833496,romyramrakhyani,2026-04-29,16:15:24,-06:00,2026-04-29T16:15:24-06:00,4,24
global.js,49,js,719cb7df,romyramrakhyani,2026-04-24,10:40:40,-06:00,2026-04-24T10:40:40-06:00,6,43
global.js,50,js,719cb7df,romyramrakhyani,2026-04-24,10:40:40,-06:00,2026-04-24T10:40:40-06:00,6,34
global.js,51,js,719cb7df,romyramrakhyani,2026-04-24,10:40:40,-06:00,2026-04-24T10:40:40-06:00,6,32
global.js,52,js,719cb7df,romyramrakhyani,2026-04-24,10:40:40,-06:00,2026-04-24T10:40:40-06:00,4,7
global.js,53,js,719cb7df,romyramrakhyani,2026-04-24,10:40:40,-06:00,2026-04-24T10:40:40-06:00,2,7
global.js,54,js,719cb7df,romyramrakhyani,2026-04-24,10:40:40,-06:00,2026-04-24T10:40:40-06:00,0,0
global.js,55,js,719cb7df,romyramrakhyani,2026-04-24,10:40:40,-06:00,2026-04-24T10:40:40-06:00,0,0
global.js,56,js,07833496,romyramrakhyani,2026-04-29,16:15:24,-06:00,2026-04-29T16:15:24-06:00,0,53
global.js,57,js,719cb7df,romyramrakhyani,2026-04-24,10:40:40,-06:00,2026-04-24T10:40:40-06:00,0,0
global.js,58,js,07833496,romyramrakhyani,2026-04-29,16:15:24,-06:00,2026-04-29T16:15:24-06:00,0,36
global.js,59,js,07833496,romyramrakhyani,2026-04-29,16:15:24,-06:00,2026-04-29T16:15:24-06:00,2,70
global.js,60,js,07833496,romyramrakhyani,2026-04-29,16:15:24,-06:00,2026-04-29T16:15:24-06:00,2,25
global.js,61,js,07833496,romyramrakhyani,2026-04-29,16:15:24,-06:00,2026-04-29T16:15:24-06:00,0,0
global.js,62,js,07833496,romyramrakhyani,2026-04-29,16:15:24,-06:00,2026-04-29T16:15:24-06:00,0,0
global.js,63,js,07833496,romyramrakhyani,2026-04-29,16:15:24,-06:00,2026-04-29T16:15:24-06:00,0,34
global.js,64,js,07833496,romyramrakhyani,2026-04-29,16:15:24,-06:00,2026-04-29T16:15:24-06:00,2,39
global.js,65,js,719cb7df,romyramrakhyani,2026-04-24,10:40:40,-06:00,2026-04-24T10:40:40-06:00,0,0
global.js,66,js,719cb7df,romyramrakhyani,2026-04-24,10:40:40,-06:00,2026-04-24T10:40:40-06:00,0,0
global.js,67,js,719cb7df,romyramrakhyani,2026-04-24,10:40:40,-06:00,2026-04-24T10:40:40-06:00,0,49
global.js,68,js,07833496,romyramrakhyani,2026-04-29,16:15:24,-06:00,2026-04-29T16:15:24-06:00,2,33
global.js,69,js,719cb7df,romyramrakhyani,2026-04-24,10:40:40,-06:00,2026-04-24T10:40:40-06:00,2,44
global.js,70,js,719cb7df,romyramrakhyani,2026-04-24,10:40:40,-06:00,2026-04-24T10:40:40-06:00,0,1
global.js,71,js,719cb7df,romyramrakhyani,2026-04-24,10:40:40,-06:00,2026-04-24T10:40:40-06:00,0,0
global.js,72,js,07833496,romyramrakhyani,2026-04-29,16:15:24,-06:00,2026-04-29T16:15:24-06:00,0,23
global.js,73,js,07833496,romyramrakhyani,2026-04-29,16:15:24,-06:00,2026-04-29T16:15:24-06:00,0,0
global.js,74,js,acc5a732,romyramrakhyani,2026-04-21,19:05:38,-06:00,2026-04-21T19:05:38-06:00,0,36
global.js,75,js,acc5a732,romyramrakhyani,2026-04-21,19:05:38,-06:00,2026-04-21T19:05:38-06:00,2,3
global.js,76,js,acc5a732,romyramrakhyani,2026-04-21,19:05:38,-06:00,2026-04-21T19:05:38-06:00,4,32
global.js,77,js,86ffaf16,romyramrakhyani,2026-04-23,15:05:44,-06:00,2026-04-23T15:05:44-06:00,4,75
global.js,78,js,08100884,romyramrakhyani,2026-04-23,14:44:36,-06:00,2026-04-23T14:44:36-06:00,4,27
global.js,79,js,acc5a732,romyramrakhyani,2026-04-21,19:05:38,-06:00,2026-04-21T19:05:38-06:00,2,15
global.js,80,js,08100884,romyramrakhyani,2026-04-23,14:44:36,-06:00,2026-04-23T14:44:36-06:00,4,43
global.js,81,js,acc5a732,romyramrakhyani,2026-04-21,19:05:38,-06:00,2026-04-21T19:05:38-06:00,2,0
global.js,82,js,acc5a732,romyramrakhyani,2026-04-21,19:05:38,-06:00,2026-04-21T19:05:38-06:00,0,0
global.js,83,js,acc5a732,romyramrakhyani,2026-04-21,19:05:38,-06:00,2026-04-21T19:05:38-06:00,0,0
global.js,84,js,07833496,romyramrakhyani,2026-04-29,16:15:24,-06:00,2026-04-29T16:15:24-06:00,0,1
global.js,85,js,07833496,romyramrakhyani,2026-04-29,16:15:24,-06:00,2026-04-29T16:15:24-06:00,0,64
global.js,86,js,07833496,romyramrakhyani,2026-04-29,16:15:24,-06:00,2026-04-29T16:15:24-06:00,0,0
global.js,87,js,acc5a732,romyramrakhyani,2026-04-21,19:05:38,-06:00,2026-04-21T19:05:38-06:00,0,79
global.js,88,js,855c8a48,romyramrakhyani,2026-04-23,23:28:51,-06:00,2026-04-23T23:28:51-06:00,2,30
global.js,89,js,855c8a48,romyramrakhyani,2026-04-23,23:28:51,-06:00,2026-04-23T23:28:51-06:00,2,0
global.js,90,js,855c8a48,romyramrakhyani,2026-04-23,23:28:51,-06:00,2026-04-23T23:28:51-06:00,2,69
global.js,91,js,855c8a48,romyramrakhyani,2026-04-23,23:28:51,-06:00,2026-04-23T23:28:51-06:00,0,0
global.js,92,js,acc5a732,romyramrakhyani,2026-04-21,19:05:38,-06:00,2026-04-21T19:05:38-06:00,2,27
global.js,93,js,855c8a48,romyramrakhyani,2026-04-23,23:28:51,-06:00,2026-04-23T23:28:51-06:00,4,28
global.js,94,js,855c8a48,romyramrakhyani,2026-04-23,23:28:51,-06:00,2026-04-23T23:28:51-06:00,4,0
global.js,95,js,855c8a48,romyramrakhyani,2026-04-23,23:28:51,-06:00,2026-04-23T23:28:51-06:00,4,52
global.js,96,js,855c8a48,romyramrakhyani,2026-04-23,23:28:51,-06:00,2026-04-23T23:28:51-06:00,6,28
global.js,97,js,855c8a48,romyramrakhyani,2026-04-23,23:28:51,-06:00,2026-04-23T23:28:51-06:00,4,0
global.js,98,js,855c8a48,romyramrakhyani,2026-04-23,23:28:51,-06:00,2026-04-23T23:28:51-06:00,0,0
global.js,99,js,acc5a732,romyramrakhyani,2026-04-21,19:05:38,-06:00,2026-04-21T19:05:38-06:00,4,48
global.js,100,js,07833496,romyramrakhyani,2026-04-29,16:15:24,-06:00,2026-04-29T16:15:24-06:00,4,0
global.js,101,js,07833496,romyramrakhyani,2026-04-29,16:15:24,-06:00,2026-04-29T16:15:24-06:00,4,70
global.js,102,js,07833496,romyramrakhyani,2026-04-29,16:15:24,-06:00,2026-04-29T16:15:24-06:00,4,59
global.js,103,js,acc5a732,romyramrakhyani,2026-04-21,19:05:38,-06:00,2026-04-21T19:05:38-06:00,4,19
global.js,104,js,acc5a732,romyramrakhyani,2026-04-21,19:05:38,-06:00,2026-04-21T19:05:38-06:00,6,49
global.js,105,js,855c8a48,romyramrakhyani,2026-04-23,23:28:51,-06:00,2026-04-23T23:28:51-06:00,6,45
global.js,106,js,07833496,romyramrakhyani,2026-04-29,16:15:24,-06:00,2026-04-29T16:15:24-06:00,6,27
global.js,107,js,855c8a48,romyramrakhyani,2026-04-23,23:28:51,-06:00,2026-04-23T23:28:51-06:00,8,27
global.js,108,js,07833496,romyramrakhyani,2026-04-29,16:15:24,-06:00,2026-04-29T16:15:24-06:00,8,44
global.js,109,js,855c8a48,romyramrakhyani,2026-04-23,23:28:51,-06:00,2026-04-23T23:28:51-06:00,6,4
global.js,110,js,acc5a732,romyramrakhyani,2026-04-21,19:05:38,-06:00,2026-04-21T19:05:38-06:00,4,0
global.js,111,js,acc5a732,romyramrakhyani,2026-04-21,19:05:38,-06:00,2026-04-21T19:05:38-06:00,4,36
global.js,112,js,acc5a732,romyramrakhyani,2026-04-21,19:05:38,-06:00,2026-04-21T19:05:38-06:00,2,1
global.js,113,js,3680d841,romyramrakhyani,2026-04-22,15:38:25,-06:00,2026-04-22T15:38:25-06:00,0,0
global.js,114,js,86ffaf16,romyramrakhyani,2026-04-23,15:05:44,-06:00,2026-04-23T15:05:44-06:00,0,0
global.js,115,js,3680d841,romyramrakhyani,2026-04-22,15:38:25,-06:00,2026-04-22T15:38:25-06:00,0,47
global.js,116,js,86ffaf16,romyramrakhyani,2026-04-23,15:05:44,-06:00,2026-04-23T15:05:44-06:00,2,59
global.js,117,js,acc5a732,romyramrakhyani,2026-04-21,19:05:38,-06:00,2026-04-21T19:05:38-06:00,0,0
resume\index.html,1,html,1669f0f3,romyramrakhyani,2026-04-01,20:22:15,-06:00,2026-04-01T20:22:15-06:00,0,13
resume\index.html,2,html,1669f0f3,romyramrakhyani,2026-04-01,20:22:15,-06:00,2026-04-01T20:22:15-06:00,0,14
resume\index.html,3,html,1669f0f3,romyramrakhyani,2026-04-01,20:22:15,-06:00,2026-04-01T20:22:15-06:00,0,4
resume\index.html,4,html,1669f0f3,romyramrakhyani,2026-04-01,20:22:15,-06:00,2026-04-01T20:22:15-06:00,2,20
resume\index.html,5,html,1669f0f3,romyramrakhyani,2026-04-01,20:22:15,-06:00,2026-04-01T20:22:15-06:00,2,68
resume\index.html,6,html,7bbc974a,romyramrakhyani,2026-04-06,15:18:34,-06:00,2026-04-06T15:18:34-06:00,2,38
resume\index.html,7,html,1669f0f3,romyramrakhyani,2026-04-01,20:22:15,-06:00,2026-04-01T20:22:15-06:00,2,41
resume\index.html,8,html,8dc97456,romyramrakhyani,2026-04-13,17:34:16,-06:00,2026-04-13T17:34:16-06:00,2,48
resume\index.html,9,html,1669f0f3,romyramrakhyani,2026-04-01,20:22:15,-06:00,2026-04-01T20:22:15-06:00,0,5
resume\index.html,10,html,1669f0f3,romyramrakhyani,2026-04-01,20:22:15,-06:00,2026-04-01T20:22:15-06:00,0,4
resume\index.html,11,html,1669f0f3,romyramrakhyani,2026-04-01,20:22:15,-06:00,2026-04-01T20:22:15-06:00,0,0
resume\index.html,12,html,1669f0f3,romyramrakhyani,2026-04-01,20:22:15,-06:00,2026-04-01T20:22:15-06:00,2,6
resume\index.html,13,html,1669f0f3,romyramrakhyani,2026-04-01,20:22:15,-06:00,2026-04-01T20:22:15-06:00,4,23
resume\index.html,14,html,7bbc974a,romyramrakhyani,2026-04-06,15:18:34,-06:00,2026-04-06T15:18:34-06:00,4,1
resume\index.html,15,html,7bbc974a,romyramrakhyani,2026-04-06,15:18:34,-06:00,2026-04-06T15:18:34-06:00,6,100
resume\index.html,16,html,7bbc974a,romyramrakhyani,2026-04-06,15:18:34,-06:00,2026-04-06T15:18:34-06:00,6,34
resume\index.html,17,html,7bbc974a,romyramrakhyani,2026-04-06,15:18:34,-06:00,2026-04-06T15:18:34-06:00,4,2
resume\index.html,18,html,1669f0f3,romyramrakhyani,2026-04-01,20:22:15,-06:00,2026-04-01T20:22:15-06:00,2,7
resume\index.html,19,html,1669f0f3,romyramrakhyani,2026-04-01,20:22:15,-06:00,2026-04-01T20:22:15-06:00,0,0
resume\index.html,20,html,1669f0f3,romyramrakhyani,2026-04-01,20:22:15,-06:00,2026-04-01T20:22:15-06:00,2,2
resume\index.html,21,html,1669f0f3,romyramrakhyani,2026-04-01,20:22:15,-06:00,2026-04-01T20:22:15-06:00,0,0
resume\index.html,22,html,1669f0f3,romyramrakhyani,2026-04-01,20:22:15,-06:00,2026-04-01T20:22:15-06:00,2,20
resume\index.html,23,html,1669f0f3,romyramrakhyani,2026-04-01,20:22:15,-06:00,2026-04-01T20:22:15-06:00,4,22
resume\index.html,24,html,1669f0f3,romyramrakhyani,2026-04-01,20:22:15,-06:00,2026-04-01T20:22:15-06:00,4,318
resume\index.html,25,html,1669f0f3,romyramrakhyani,2026-04-01,20:22:15,-06:00,2026-04-01T20:22:15-06:00,2,8
resume\index.html,26,html,1669f0f3,romyramrakhyani,2026-04-01,20:22:15,-06:00,2026-04-01T20:22:15-06:00,0,0
resume\index.html,27,html,1669f0f3,romyramrakhyani,2026-04-01,20:22:15,-06:00,2026-04-01T20:22:15-06:00,2,22
resume\index.html,28,html,1669f0f3,romyramrakhyani,2026-04-01,20:22:15,-06:00,2026-04-01T20:22:15-06:00,4,16
resume\index.html,29,html,1669f0f3,romyramrakhyani,2026-04-01,20:22:15,-06:00,2026-04-01T20:22:15-06:00,4,7
resume\index.html,30,html,7bbc974a,romyramrakhyani,2026-04-06,15:18:34,-06:00,2026-04-06T15:18:34-06:00,6,43
resume\index.html,31,html,1669f0f3,romyramrakhyani,2026-04-01,20:22:15,-06:00,2026-04-01T20:22:15-06:00,6,119
resume\index.html,32,html,1669f0f3,romyramrakhyani,2026-04-01,20:22:15,-06:00,2026-04-01T20:22:15-06:00,6,154
resume\index.html,33,html,1669f0f3,romyramrakhyani,2026-04-01,20:22:15,-06:00,2026-04-01T20:22:15-06:00,4,8
resume\index.html,34,html,1669f0f3,romyramrakhyani,2026-04-01,20:22:15,-06:00,2026-04-01T20:22:15-06:00,4,7
resume\index.html,35,html,7bbc974a,romyramrakhyani,2026-04-06,15:18:34,-06:00,2026-04-06T15:18:34-06:00,6,31
resume\index.html,36,html,1669f0f3,romyramrakhyani,2026-04-01,20:22:15,-06:00,2026-04-01T20:22:15-06:00,6,74
resume\index.html,37,html,1669f0f3,romyramrakhyani,2026-04-01,20:22:15,-06:00,2026-04-01T20:22:15-06:00,6,45
resume\index.html,38,html,1669f0f3,romyramrakhyani,2026-04-01,20:22:15,-06:00,2026-04-01T20:22:15-06:00,4,8
resume\index.html,39,html,1669f0f3,romyramrakhyani,2026-04-01,20:22:15,-06:00,2026-04-01T20:22:15-06:00,2,8
resume\index.html,40,html,1669f0f3,romyramrakhyani,2026-04-01,20:22:15,-06:00,2026-04-01T20:22:15-06:00,0,0
resume\index.html,41,html,1669f0f3,romyramrakhyani,2026-04-01,20:22:15,-06:00,2026-04-01T20:22:15-06:00,2,23
resume\index.html,42,html,1669f0f3,romyramrakhyani,2026-04-01,20:22:15,-06:00,2026-04-01T20:22:15-06:00,4,33
resume\index.html,43,html,1669f0f3,romyramrakhyani,2026-04-01,20:22:15,-06:00,2026-04-01T20:22:15-06:00,0,0
resume\index.html,44,html,1669f0f3,romyramrakhyani,2026-04-01,20:22:15,-06:00,2026-04-01T20:22:15-06:00,4,7
resume\index.html,45,html,1669f0f3,romyramrakhyani,2026-04-01,20:22:15,-06:00,2026-04-01T20:22:15-06:00,6,6
resume\index.html,46,html,1669f0f3,romyramrakhyani,2026-04-01,20:22:15,-06:00,2026-04-01T20:22:15-06:00,8,57
resume\index.html,47,html,1669f0f3,romyramrakhyani,2026-04-01,20:22:15,-06:00,2026-04-01T20:22:15-06:00,8,59
resume\index.html,48,html,1669f0f3,romyramrakhyani,2026-04-01,20:22:15,-06:00,2026-04-01T20:22:15-06:00,6,7
resume\index.html,49,html,1669f0f3,romyramrakhyani,2026-04-01,20:22:15,-06:00,2026-04-01T20:22:15-06:00,6,218
resume\index.html,50,html,1669f0f3,romyramrakhyani,2026-04-01,20:22:15,-06:00,2026-04-01T20:22:15-06:00,4,8
resume\index.html,51,html,1669f0f3,romyramrakhyani,2026-04-01,20:22:15,-06:00,2026-04-01T20:22:15-06:00,0,0
resume\index.html,52,html,1669f0f3,romyramrakhyani,2026-04-01,20:22:15,-06:00,2026-04-01T20:22:15-06:00,4,7
resume\index.html,53,html,1669f0f3,romyramrakhyani,2026-04-01,20:22:15,-06:00,2026-04-01T20:22:15-06:00,6,6
resume\index.html,54,html,1669f0f3,romyramrakhyani,2026-04-01,20:22:15,-06:00,2026-04-01T20:22:15-06:00,8,40
resume\index.html,55,html,1669f0f3,romyramrakhyani,2026-04-01,20:22:15,-06:00,2026-04-01T20:22:15-06:00,8,55
resume\index.html,56,html,1669f0f3,romyramrakhyani,2026-04-01,20:22:15,-06:00,2026-04-01T20:22:15-06:00,6,7
resume\index.html,57,html,1669f0f3,romyramrakhyani,2026-04-01,20:22:15,-06:00,2026-04-01T20:22:15-06:00,6,167
resume\index.html,58,html,1669f0f3,romyramrakhyani,2026-04-01,20:22:15,-06:00,2026-04-01T20:22:15-06:00,4,8
resume\index.html,59,html,1669f0f3,romyramrakhyani,2026-04-01,20:22:15,-06:00,2026-04-01T20:22:15-06:00,0,0
resume\index.html,60,html,1669f0f3,romyramrakhyani,2026-04-01,20:22:15,-06:00,2026-04-01T20:22:15-06:00,4,7
resume\index.html,61,html,1669f0f3,romyramrakhyani,2026-04-01,20:22:15,-06:00,2026-04-01T20:22:15-06:00,6,6
resume\index.html,62,html,1669f0f3,romyramrakhyani,2026-04-01,20:22:15,-06:00,2026-04-01T20:22:15-06:00,8,55
resume\index.html,63,html,1669f0f3,romyramrakhyani,2026-04-01,20:22:15,-06:00,2026-04-01T20:22:15-06:00,8,94
resume\index.html,64,html,1669f0f3,romyramrakhyani,2026-04-01,20:22:15,-06:00,2026-04-01T20:22:15-06:00,6,7
resume\index.html,65,html,1669f0f3,romyramrakhyani,2026-04-01,20:22:15,-06:00,2026-04-01T20:22:15-06:00,6,138
resume\index.html,66,html,1669f0f3,romyramrakhyani,2026-04-01,20:22:15,-06:00,2026-04-01T20:22:15-06:00,4,8
resume\index.html,67,html,1669f0f3,romyramrakhyani,2026-04-01,20:22:15,-06:00,2026-04-01T20:22:15-06:00,0,0
resume\index.html,68,html,1669f0f3,romyramrakhyani,2026-04-01,20:22:15,-06:00,2026-04-01T20:22:15-06:00,4,7
resume\index.html,69,html,1669f0f3,romyramrakhyani,2026-04-01,20:22:15,-06:00,2026-04-01T20:22:15-06:00,6,6
resume\index.html,70,html,1669f0f3,romyramrakhyani,2026-04-01,20:22:15,-06:00,2026-04-01T20:22:15-06:00,8,60
resume\index.html,71,html,1669f0f3,romyramrakhyani,2026-04-01,20:22:15,-06:00,2026-04-01T20:22:15-06:00,8,82
resume\index.html,72,html,1669f0f3,romyramrakhyani,2026-04-01,20:22:15,-06:00,2026-04-01T20:22:15-06:00,6,7
resume\index.html,73,html,1669f0f3,romyramrakhyani,2026-04-01,20:22:15,-06:00,2026-04-01T20:22:15-06:00,6,156
resume\index.html,74,html,1669f0f3,romyramrakhyani,2026-04-01,20:22:15,-06:00,2026-04-01T20:22:15-06:00,4,8
resume\index.html,75,html,1669f0f3,romyramrakhyani,2026-04-01,20:22:15,-06:00,2026-04-01T20:22:15-06:00,0,0
resume\index.html,76,html,1669f0f3,romyramrakhyani,2026-04-01,20:22:15,-06:00,2026-04-01T20:22:15-06:00,4,7
resume\index.html,77,html,1669f0f3,romyramrakhyani,2026-04-01,20:22:15,-06:00,2026-04-01T20:22:15-06:00,6,6
resume\index.html,78,html,1669f0f3,romyramrakhyani,2026-04-01,20:22:15,-06:00,2026-04-01T20:22:15-06:00,8,41
resume\index.html,79,html,1669f0f3,romyramrakhyani,2026-04-01,20:22:15,-06:00,2026-04-01T20:22:15-06:00,8,82
resume\index.html,80,html,1669f0f3,romyramrakhyani,2026-04-01,20:22:15,-06:00,2026-04-01T20:22:15-06:00,6,7
resume\index.html,81,html,1669f0f3,romyramrakhyani,2026-04-01,20:22:15,-06:00,2026-04-01T20:22:15-06:00,6,132
resume\index.html,82,html,1669f0f3,romyramrakhyani,2026-04-01,20:22:15,-06:00,2026-04-01T20:22:15-06:00,4,8
resume\index.html,83,html,1669f0f3,romyramrakhyani,2026-04-01,20:22:15,-06:00,2026-04-01T20:22:15-06:00,2,8
resume\index.html,84,html,1669f0f3,romyramrakhyani,2026-04-01,20:22:15,-06:00,2026-04-01T20:22:15-06:00,0,0
resume\index.html,85,html,1669f0f3,romyramrakhyani,2026-04-01,20:22:15,-06:00,2026-04-01T20:22:15-06:00,2,19
resume\index.html,86,html,1669f0f3,romyramrakhyani,2026-04-01,20:22:15,-06:00,2026-04-01T20:22:15-06:00,4,13
resume\index.html,87,html,1669f0f3,romyramrakhyani,2026-04-01,20:22:15,-06:00,2026-04-01T20:22:15-06:00,4,2
resume\index.html,88,html,1669f0f3,romyramrakhyani,2026-04-01,20:22:15,-06:00,2026-04-01T20:22:15-06:00,6,43
resume\index.html,89,html,1669f0f3,romyramrakhyani,2026-04-01,20:22:15,-06:00,2026-04-01T20:22:15-06:00,6,30
resume\index.html,90,html,1669f0f3,romyramrakhyani,2026-04-01,20:22:15,-06:00,2026-04-01T20:22:15-06:00,6,34
resume\index.html,91,html,1669f0f3,romyramrakhyani,2026-04-01,20:22:15,-06:00,2026-04-01T20:22:15-06:00,6,25
resume\index.html,92,html,1669f0f3,romyramrakhyani,2026-04-01,20:22:15,-06:00,2026-04-01T20:22:15-06:00,4,3
resume\index.html,93,html,1669f0f3,romyramrakhyani,2026-04-01,20:22:15,-06:00,2026-04-01T20:22:15-06:00,2,8
resume\index.html,94,html,1669f0f3,romyramrakhyani,2026-04-01,20:22:15,-06:00,2026-04-01T20:22:15-06:00,0,0
resume\index.html,95,html,1669f0f3,romyramrakhyani,2026-04-01,20:22:15,-06:00,2026-04-01T20:22:15-06:00,0,5
resume\index.html,96,html,1669f0f3,romyramrakhyani,2026-04-01,20:22:15,-06:00,2026-04-01T20:22:15-06:00,0,5
projects\projects.js,1,js,acc5a732,romyramrakhyani,2026-04-21,19:05:38,-06:00,2026-04-21T19:05:38-06:00,0,55
projects\projects.js,2,js,5d7ca1fa,romyramrakhyani,2026-04-29,16:20:24,-06:00,2026-04-29T16:20:24-06:00,0,63
projects\projects.js,3,js,acc5a732,romyramrakhyani,2026-04-21,19:05:38,-06:00,2026-04-21T19:05:38-06:00,0,0
projects\projects.js,4,js,acc5a732,romyramrakhyani,2026-04-21,19:05:38,-06:00,2026-04-21T19:05:38-06:00,0,55
projects\projects.js,5,js,acc5a732,romyramrakhyani,2026-04-21,19:05:38,-06:00,2026-04-21T19:05:38-06:00,0,60
projects\projects.js,6,js,f28c52b9,romyramrakhyani,2026-05-01,12:48:26,-06:00,2026-05-01T12:48:26-06:00,0,62
projects\projects.js,7,js,990162af,romyramrakhyani,2026-05-01,12:33:21,-06:00,2026-05-01T12:33:21-06:00,0,0
projects\projects.js,8,js,aa4540d1,romyramrakhyani,2026-05-01,13:09:27,-06:00,2026-05-01T13:09:27-06:00,0,16
projects\projects.js,9,js,aa4540d1,romyramrakhyani,2026-05-01,13:09:27,-06:00,2026-05-01T13:09:27-06:00,0,21
projects\projects.js,10,js,aa4540d1,romyramrakhyani,2026-05-01,13:09:27,-06:00,2026-05-01T13:09:27-06:00,0,13
projects\projects.js,11,js,1a19c75b,romyramrakhyani,2026-05-01,13:03:54,-06:00,2026-05-01T13:03:54-06:00,0,0
projects\projects.js,12,js,990162af,romyramrakhyani,2026-05-01,12:33:21,-06:00,2026-05-01T12:33:21-06:00,0,38
projects\projects.js,13,js,990162af,romyramrakhyani,2026-05-01,12:33:21,-06:00,2026-05-01T12:33:21-06:00,2,29
projects\projects.js,14,js,990162af,romyramrakhyani,2026-05-01,12:33:21,-06:00,2026-05-01T12:33:21-06:00,4,12
projects\projects.js,15,js,990162af,romyramrakhyani,2026-05-01,12:33:21,-06:00,2026-05-01T12:33:21-06:00,4,14
projects\projects.js,16,js,990162af,romyramrakhyani,2026-05-01,12:33:21,-06:00,2026-05-01T12:33:21-06:00,4,11
projects\projects.js,17,js,990162af,romyramrakhyani,2026-05-01,12:33:21,-06:00,2026-05-01T12:33:21-06:00,2,0
projects\projects.js,18,js,990162af,romyramrakhyani,2026-05-01,12:33:21,-06:00,2026-05-01T12:33:21-06:00,0,0
projects\projects.js,19,js,990162af,romyramrakhyani,2026-05-01,12:33:21,-06:00,2026-05-01T12:33:21-06:00,2,50
projects\projects.js,20,js,990162af,romyramrakhyani,2026-05-01,12:33:21,-06:00,2026-05-01T12:33:21-06:00,4,35
projects\projects.js,21,js,990162af,romyramrakhyani,2026-05-01,12:33:21,-06:00,2026-05-01T12:33:21-06:00,2,1
projects\projects.js,22,js,990162af,romyramrakhyani,2026-05-01,12:33:21,-06:00,2026-05-01T12:33:21-06:00,0,0
projects\projects.js,23,js,f28c52b9,romyramrakhyani,2026-05-01,12:48:26,-06:00,2026-05-01T12:48:26-06:00,2,41
projects\projects.js,24,js,f28c52b9,romyramrakhyani,2026-05-01,12:48:26,-06:00,2026-05-01T12:48:26-06:00,2,31
projects\projects.js,25,js,aa4540d1,romyramrakhyani,2026-05-01,13:09:27,-06:00,2026-05-01T13:09:27-06:00,2,67
projects\projects.js,26,js,89387e86,romyramrakhyani,2026-05-01,12:35:37,-06:00,2026-05-01T12:35:37-06:00,0,0
projects\projects.js,27,js,990162af,romyramrakhyani,2026-05-01,12:33:21,-06:00,2026-05-01T12:33:21-06:00,2,32
projects\projects.js,28,js,990162af,romyramrakhyani,2026-05-01,12:33:21,-06:00,2026-05-01T12:33:21-06:00,2,29
projects\projects.js,29,js,990162af,romyramrakhyani,2026-05-01,12:33:21,-06:00,2026-05-01T12:33:21-06:00,0,0
projects\projects.js,30,js,990162af,romyramrakhyani,2026-05-01,12:33:21,-06:00,2026-05-01T12:33:21-06:00,2,57
projects\projects.js,31,js,990162af,romyramrakhyani,2026-05-01,12:33:21,-06:00,2026-05-01T12:33:21-06:00,2,50
projects\projects.js,32,js,990162af,romyramrakhyani,2026-05-01,12:33:21,-06:00,2026-05-01T12:33:21-06:00,2,47
projects\projects.js,33,js,990162af,romyramrakhyani,2026-05-01,12:33:21,-06:00,2026-05-01T12:33:21-06:00,2,36
projects\projects.js,34,js,990162af,romyramrakhyani,2026-05-01,12:33:21,-06:00,2026-05-01T12:33:21-06:00,0,0
projects\projects.js,35,js,aa4540d1,romyramrakhyani,2026-05-01,13:09:27,-06:00,2026-05-01T13:09:27-06:00,2,12
projects\projects.js,36,js,990162af,romyramrakhyani,2026-05-01,12:33:21,-06:00,2026-05-01T12:33:21-06:00,2,25
projects\projects.js,37,js,990162af,romyramrakhyani,2026-05-01,12:33:21,-06:00,2026-05-01T12:33:21-06:00,4,16
projects\projects.js,38,js,990162af,romyramrakhyani,2026-05-01,12:33:21,-06:00,2026-05-01T12:33:21-06:00,5,25
projects\projects.js,39,js,990162af,romyramrakhyani,2026-05-01,12:33:21,-06:00,2026-05-01T12:33:21-06:00,5,22
projects\projects.js,40,js,aa4540d1,romyramrakhyani,2026-05-01,13:09:27,-06:00,2026-05-01T13:09:27-06:00,5,23
projects\projects.js,41,js,aa4540d1,romyramrakhyani,2026-05-01,13:09:27,-06:00,2026-05-01T13:09:27-06:00,5,51
projects\projects.js,42,js,aa4540d1,romyramrakhyani,2026-05-01,13:09:27,-06:00,2026-05-01T13:09:27-06:00,5,18
projects\projects.js,43,js,aa4540d1,romyramrakhyani,2026-05-01,13:09:27,-06:00,2026-05-01T13:09:27-06:00,8,43
projects\projects.js,44,js,aa4540d1,romyramrakhyani,2026-05-01,13:09:27,-06:00,2026-05-01T13:09:27-06:00,8,0
projects\projects.js,45,js,aa4540d1,romyramrakhyani,2026-05-01,13:09:27,-06:00,2026-05-01T13:09:27-06:00,8,53
projects\projects.js,46,js,aa4540d1,romyramrakhyani,2026-05-01,13:09:27,-06:00,2026-05-01T13:09:27-06:00,8,22
projects\projects.js,47,js,aa4540d1,romyramrakhyani,2026-05-01,13:09:27,-06:00,2026-05-01T13:09:27-06:00,5,1
projects\projects.js,48,js,990162af,romyramrakhyani,2026-05-01,12:33:21,-06:00,2026-05-01T12:33:21-06:00,2,1
projects\projects.js,49,js,990162af,romyramrakhyani,2026-05-01,12:33:21,-06:00,2026-05-01T12:33:21-06:00,0,0
projects\projects.js,50,js,aa4540d1,romyramrakhyani,2026-05-01,13:09:27,-06:00,2026-05-01T13:09:27-06:00,2,12
projects\projects.js,51,js,990162af,romyramrakhyani,2026-05-01,12:33:21,-06:00,2026-05-01T12:33:21-06:00,2,27
projects\projects.js,52,js,990162af,romyramrakhyani,2026-05-01,12:33:21,-06:00,2026-05-01T12:33:21-06:00,4,17
projects\projects.js,53,js,990162af,romyramrakhyani,2026-05-01,12:33:21,-06:00,2026-05-01T12:33:21-06:00,7,38
projects\projects.js,54,js,aa4540d1,romyramrakhyani,2026-05-01,13:09:27,-06:00,2026-05-01T13:09:27-06:00,7,76
projects\projects.js,55,js,990162af,romyramrakhyani,2026-05-01,12:33:21,-06:00,2026-05-01T12:33:21-06:00,7,69
projects\projects.js,56,js,990162af,romyramrakhyani,2026-05-01,12:33:21,-06:00,2026-05-01T12:33:21-06:00,2,1
projects\projects.js,57,js,990162af,romyramrakhyani,2026-05-01,12:33:21,-06:00,2026-05-01T12:33:21-06:00,0,0
projects\projects.js,58,js,990162af,romyramrakhyani,2026-05-01,12:33:21,-06:00,2026-05-01T12:33:21-06:00,0,0
projects\projects.js,59,js,aa4540d1,romyramrakhyani,2026-05-01,13:09:27,-06:00,2026-05-01T13:09:27-06:00,0,48
projects\projects.js,60,js,aa4540d1,romyramrakhyani,2026-05-01,13:09:27,-06:00,2026-05-01T13:09:27-06:00,0,32
projects\projects.js,61,js,aa4540d1,romyramrakhyani,2026-05-01,13:09:27,-06:00,2026-05-01T13:09:27-06:00,2,26
projects\projects.js,62,js,990162af,romyramrakhyani,2026-05-01,12:33:21,-06:00,2026-05-01T12:33:21-06:00,2,51
projects\projects.js,63,js,990162af,romyramrakhyani,2026-05-01,12:33:21,-06:00,2026-05-01T12:33:21-06:00,4,59
projects\projects.js,64,js,aa4540d1,romyramrakhyani,2026-05-01,13:09:27,-06:00,2026-05-01T13:09:27-06:00,4,42
projects\projects.js,65,js,990162af,romyramrakhyani,2026-05-01,12:33:21,-06:00,2026-05-01T12:33:21-06:00,2,1
projects\projects.js,66,js,990162af,romyramrakhyani,2026-05-01,12:33:21,-06:00,2026-05-01T12:33:21-06:00,0,0
projects\projects.js,67,js,aa4540d1,romyramrakhyani,2026-05-01,13:09:27,-06:00,2026-05-01T13:09:27-06:00,2,36
projects\projects.js,68,js,aa4540d1,romyramrakhyani,2026-05-01,13:09:27,-06:00,2026-05-01T13:09:27-06:00,2,25
projects\projects.js,69,js,aa4540d1,romyramrakhyani,2026-05-01,13:09:27,-06:00,2026-05-01T13:09:27-06:00,4,63
projects\projects.js,70,js,aa4540d1,romyramrakhyani,2026-05-01,13:09:27,-06:00,2026-05-01T13:09:27-06:00,4,75
projects\projects.js,71,js,aa4540d1,romyramrakhyani,2026-05-01,13:09:27,-06:00,2026-05-01T13:09:27-06:00,4,82
projects\projects.js,72,js,aa4540d1,romyramrakhyani,2026-05-01,13:09:27,-06:00,2026-05-01T13:09:27-06:00,4,46
projects\projects.js,73,js,aa4540d1,romyramrakhyani,2026-05-01,13:09:27,-06:00,2026-05-01T13:09:27-06:00,0,0
projects\projects.js,74,js,aa4540d1,romyramrakhyani,2026-05-01,13:09:27,-06:00,2026-05-01T13:09:27-06:00,4,71
projects\projects.js,75,js,f28c52b9,romyramrakhyani,2026-05-01,12:48:26,-06:00,2026-05-01T12:48:26-06:00,2,0
projects\projects.js,76,js,f28c52b9,romyramrakhyani,2026-05-01,12:48:26,-06:00,2026-05-01T12:48:26-06:00,0,0
projects\projects.js,77,js,aa4540d1,romyramrakhyani,2026-05-01,13:09:27,-06:00,2026-05-01T13:09:27-06:00,2,21
projects\projects.js,78,js,990162af,romyramrakhyani,2026-05-01,12:33:21,-06:00,2026-05-01T12:33:21-06:00,2,56
projects\projects.js,79,js,aa4540d1,romyramrakhyani,2026-05-01,13:09:27,-06:00,2026-05-01T13:09:27-06:00,2,83
projects\projects.js,80,js,f28c52b9,romyramrakhyani,2026-05-01,12:48:26,-06:00,2026-05-01T12:48:26-06:00,2,0
projects\projects.js,81,js,aa4540d1,romyramrakhyani,2026-05-01,13:09:27,-06:00,2026-05-01T13:09:27-06:00,2,50
projects\projects.js,82,js,990162af,romyramrakhyani,2026-05-01,12:33:21,-06:00,2026-05-01T12:33:21-06:00,2,31
projects\projects.js,83,js,aa4540d1,romyramrakhyani,2026-05-01,13:09:27,-06:00,2026-05-01T13:09:27-06:00,0,0
projects\projects.js,84,js,aa4540d1,romyramrakhyani,2026-05-01,13:09:27,-06:00,2026-05-01T13:09:27-06:00,0,0
projects\projects.js,85,js,aa4540d1,romyramrakhyani,2026-05-01,13:09:27,-06:00,2026-05-01T13:09:27-06:00,0,13
projects\projects.js,86,js,aa4540d1,romyramrakhyani,2026-05-01,13:09:27,-06:00,2026-05-01T13:09:27-06:00,0,22
projects\projects.js,87,js,aa4540d1,romyramrakhyani,2026-05-01,13:09:27,-06:00,2026-05-01T13:09:27-06:00,0,0
projects\projects.js,88,js,aa4540d1,romyramrakhyani,2026-05-01,13:09:27,-06:00,2026-05-01T13:09:27-06:00,0,16
projects\projects.js,89,js,aa4540d1,romyramrakhyani,2026-05-01,13:09:27,-06:00,2026-05-01T13:09:27-06:00,0,53
projects\projects.js,90,js,aa4540d1,romyramrakhyani,2026-05-01,13:09:27,-06:00,2026-05-01T13:09:27-06:00,0,48
projects\projects.js,91,js,aa4540d1,romyramrakhyani,2026-05-01,13:09:27,-06:00,2026-05-01T13:09:27-06:00,2,25
projects\projects.js,92,js,aa4540d1,romyramrakhyani,2026-05-01,13:09:27,-06:00,2026-05-01T13:09:27-06:00,2,22
projects\projects.js,93,js,5d7ca1fa,romyramrakhyani,2026-04-29,16:20:24,-06:00,2026-04-29T16:20:24-06:00,0,1
projects\index.html,1,html,7bbc974a,romyramrakhyani,2026-04-06,15:18:34,-06:00,2026-04-06T15:18:34-06:00,0,13
projects\index.html,2,html,7bbc974a,romyramrakhyani,2026-04-06,15:18:34,-06:00,2026-04-06T15:18:34-06:00,0,14
projects\index.html,3,html,7bbc974a,romyramrakhyani,2026-04-06,15:18:34,-06:00,2026-04-06T15:18:34-06:00,0,4
projects\index.html,4,html,7bbc974a,romyramrakhyani,2026-04-06,15:18:34,-06:00,2026-04-06T15:18:34-06:00,2,20
projects\index.html,5,html,7bbc974a,romyramrakhyani,2026-04-06,15:18:34,-06:00,2026-04-06T15:18:34-06:00,2,68
projects\index.html,6,html,7bbc974a,romyramrakhyani,2026-04-06,15:18:34,-06:00,2026-04-06T15:18:34-06:00,2,40
projects\index.html,7,html,7bbc974a,romyramrakhyani,2026-04-06,15:18:34,-06:00,2026-04-06T15:18:34-06:00,2,41
projects\index.html,8,html,acc5a732,romyramrakhyani,2026-04-21,19:05:38,-06:00,2026-04-21T19:05:38-06:00,2,0
projects\index.html,9,html,07833496,romyramrakhyani,2026-04-29,16:15:24,-06:00,2026-04-29T16:15:24-06:00,2,51
projects\index.html,10,html,07833496,romyramrakhyani,2026-04-29,16:15:24,-06:00,2026-04-29T16:15:24-06:00,2,0
projects\index.html,11,html,8dc97456,romyramrakhyani,2026-04-13,17:34:16,-06:00,2026-04-13T17:34:16-06:00,2,48
projects\index.html,12,html,acc5a732,romyramrakhyani,2026-04-21,19:05:38,-06:00,2026-04-21T19:05:38-06:00,2,47
projects\index.html,13,html,7bbc974a,romyramrakhyani,2026-04-06,15:18:34,-06:00,2026-04-06T15:18:34-06:00,0,5
projects\index.html,14,html,7bbc974a,romyramrakhyani,2026-04-06,15:18:34,-06:00,2026-04-06T15:18:34-06:00,0,4
projects\index.html,15,html,ab2333ab,romyramrakhyani,2026-05-01,13:17:12,-06:00,2026-05-01T13:17:12-06:00,2,38
projects\index.html,16,html,07833496,romyramrakhyani,2026-04-29,16:15:24,-06:00,2026-04-29T16:15:24-06:00,0,0
projects\index.html,17,html,07833496,romyramrakhyani,2026-04-29,16:15:24,-06:00,2026-04-29T16:15:24-06:00,2,22
projects\index.html,18,html,07833496,romyramrakhyani,2026-04-29,16:15:24,-06:00,2026-04-29T16:15:24-06:00,4,27
projects\index.html,19,html,07833496,romyramrakhyani,2026-04-29,16:15:24,-06:00,2026-04-29T16:15:24-06:00,4,22
projects\index.html,20,html,07833496,romyramrakhyani,2026-04-29,16:15:24,-06:00,2026-04-29T16:15:24-06:00,2,4
projects\index.html,21,html,7bbc974a,romyramrakhyani,2026-04-06,15:18:34,-06:00,2026-04-06T15:18:34-06:00,0,0
projects\index.html,22,html,07833496,romyramrakhyani,2026-04-29,16:15:24,-06:00,2026-04-29T16:15:24-06:00,2,100
projects\index.html,23,html,acc5a732,romyramrakhyani,2026-04-21,19:05:38,-06:00,2026-04-21T19:05:38-06:00,0,0
projects\index.html,24,html,07833496,romyramrakhyani,2026-04-29,16:15:24,-06:00,2026-04-29T16:15:24-06:00,2,20
projects\index.html,25,html,07833496,romyramrakhyani,2026-04-29,16:15:24,-06:00,2026-04-29T16:15:24-06:00,4,4
projects\index.html,26,html,d421b21b,romyramrakhyani,2026-04-06,15:38:35,-06:00,2026-04-06T15:38:35-06:00,0,0
projects\index.html,27,html,7bbc974a,romyramrakhyani,2026-04-06,15:18:34,-06:00,2026-04-06T15:18:34-06:00,0,5
projects\index.html,28,html,acc5a732,romyramrakhyani,2026-04-21,19:05:38,-06:00,2026-04-21T19:05:38-06:00,0,5
contact\index.html,1,html,7bbc974a,romyramrakhyani,2026-04-06,15:18:34,-06:00,2026-04-06T15:18:34-06:00,0,13
contact\index.html,2,html,7bbc974a,romyramrakhyani,2026-04-06,15:18:34,-06:00,2026-04-06T15:18:34-06:00,0,14
contact\index.html,3,html,7bbc974a,romyramrakhyani,2026-04-06,15:18:34,-06:00,2026-04-06T15:18:34-06:00,0,4
contact\index.html,4,html,7bbc974a,romyramrakhyani,2026-04-06,15:18:34,-06:00,2026-04-06T15:18:34-06:00,2,20
contact\index.html,5,html,7bbc974a,romyramrakhyani,2026-04-06,15:18:34,-06:00,2026-04-06T15:18:34-06:00,2,68
contact\index.html,6,html,7bbc974a,romyramrakhyani,2026-04-06,15:18:34,-06:00,2026-04-06T15:18:34-06:00,2,39
contact\index.html,7,html,7bbc974a,romyramrakhyani,2026-04-06,15:18:34,-06:00,2026-04-06T15:18:34-06:00,2,41
contact\index.html,8,html,8dc97456,romyramrakhyani,2026-04-13,17:34:16,-06:00,2026-04-13T17:34:16-06:00,2,48
contact\index.html,9,html,7bbc974a,romyramrakhyani,2026-04-06,15:18:34,-06:00,2026-04-06T15:18:34-06:00,0,5
contact\index.html,10,html,7bbc974a,romyramrakhyani,2026-04-06,15:18:34,-06:00,2026-04-06T15:18:34-06:00,0,4
contact\index.html,11,html,0b588286,romyramrakhyani,2026-04-01,20:05:33,-06:00,2026-04-01T20:05:33-06:00,0,0
contact\index.html,12,html,7bbc974a,romyramrakhyani,2026-04-06,15:18:34,-06:00,2026-04-06T15:18:34-06:00,2,17
contact\index.html,13,html,0b588286,romyramrakhyani,2026-04-01,20:05:33,-06:00,2026-04-01T20:05:33-06:00,0,0
contact\index.html,14,html,9641f713,romyramrakhyani,2026-04-13,18:58:20,-06:00,2026-04-13T18:58:20-06:00,2,42
contact\index.html,15,html,7bbc974a,romyramrakhyani,2026-04-06,15:18:34,-06:00,2026-04-06T15:18:34-06:00,4,5
contact\index.html,16,html,7bbc974a,romyramrakhyani,2026-04-06,15:18:34,-06:00,2026-04-06T15:18:34-06:00,6,4
contact\index.html,17,html,7bbc974a,romyramrakhyani,2026-04-06,15:18:34,-06:00,2026-04-06T15:18:34-06:00,6,40
contact\index.html,18,html,7bbc974a,romyramrakhyani,2026-04-06,15:18:34,-06:00,2026-04-06T15:18:34-06:00,4,6
contact\index.html,19,html,0b588286,romyramrakhyani,2026-04-01,20:05:33,-06:00,2026-04-01T20:05:33-06:00,0,0
contact\index.html,20,html,7bbc974a,romyramrakhyani,2026-04-06,15:18:34,-06:00,2026-04-06T15:18:34-06:00,4,5
contact\index.html,21,html,7bbc974a,romyramrakhyani,2026-04-06,15:18:34,-06:00,2026-04-06T15:18:34-06:00,6,6
contact\index.html,22,html,7bbc974a,romyramrakhyani,2026-04-06,15:18:34,-06:00,2026-04-06T15:18:34-06:00,6,20
contact\index.html,23,html,7bbc974a,romyramrakhyani,2026-04-06,15:18:34,-06:00,2026-04-06T15:18:34-06:00,4,6
contact\index.html,24,html,7bbc974a,romyramrakhyani,2026-04-06,15:18:34,-06:00,2026-04-06T15:18:34-06:00,0,0
contact\index.html,25,html,7bbc974a,romyramrakhyani,2026-04-06,15:18:34,-06:00,2026-04-06T15:18:34-06:00,4,5
contact\index.html,26,html,7bbc974a,romyramrakhyani,2026-04-06,15:18:34,-06:00,2026-04-06T15:18:34-06:00,6,6
contact\index.html,27,html,7bbc974a,romyramrakhyani,2026-04-06,15:18:34,-06:00,2026-04-06T15:18:34-06:00,6,31
contact\index.html,28,html,7bbc974a,romyramrakhyani,2026-04-06,15:18:34,-06:00,2026-04-06T15:18:34-06:00,4,6
contact\index.html,29,html,7bbc974a,romyramrakhyani,2026-04-06,15:18:34,-06:00,2026-04-06T15:18:34-06:00,0,0
contact\index.html,30,html,7bbc974a,romyramrakhyani,2026-04-06,15:18:34,-06:00,2026-04-06T15:18:34-06:00,4,41
contact\index.html,31,html,7bbc974a,romyramrakhyani,2026-04-06,15:18:34,-06:00,2026-04-06T15:18:34-06:00,2,5
contact\index.html,32,html,7bbc974a,romyramrakhyani,2026-04-06,15:18:34,-06:00,2026-04-06T15:18:34-06:00,0,5
contact\index.html,33,html,7bbc974a,romyramrakhyani,2026-04-06,15:18:34,-06:00,2026-04-06T15:18:34-06:00,0,5
